id,name,city,country,address,category,importance,website,exhibitions_url,title,start_date,end_date,artists,curators,status,image_url,source_url,crawler,scraped_at,updated_at
berlinische-galerie-provenances-2025,Berlinische Galerie,Berlin,Germany,"Alte Jakobstraße 124-128, 10969 Berlin",museum,national,https://berlinischegalerie.de,https://berlinischegalerie.de/en/exhibitions/,Provenances,2025-03-07,2025-10-13,[],[],past,,https://berlinischegalerie.de/en/exhibitions/,html,2026-08-23T19:31:28.911883+00:00,2026-08-23T19:31:28.911883+00:00
berlinische-galerie-atelier-le-balto-2025,Berlinische Galerie,Berlin,Germany,"Alte Jakobstraße 124-128, 10969 Berlin",museum,national,https://berlinischegalerie.de,https://berlinischegalerie.de/en/exhibitions/,atelier le balto,2025-04-24,2025-10-31,[],[],past,,https://berlinischegalerie.de/en/exhibitions/,html,2026-08-23T19:31:28.911883+00:00,2026-08-23T19:31:28.911883+00:00
berlinische-galerie-monira-al-qadiri-2025,Berlinische Galerie,Berlin,Germany,"Alte Jakobstraße 124-128, 10969 Berlin",museum,national,https://berlinischegalerie.de,https://berlinischegalerie.de/en/exhibitions/,Monira Al Qadiri,2025-07-11,2026-08-17,[],[],past,,https://berlinischegalerie.de/en/exhibitions/,html,2026-08-23T19:31:28.911883+00:00,2026-08-23T19:31:28.911883+00:00
berlinische-galerie-staging-the-self-2025,Berlinische Galerie,Berlin,Germany,"Alte Jakobstraße 124-128, 10969 Berlin",museum,national,https://berlinischegalerie.de,https://berlinischegalerie.de/en/exhibitions/,Staging the Self,2025-07-11,2025-10-13,[],[],past,,https://berlinischegalerie.de/en/exhibitions/,html,2026-08-23T19:31:28.911883+00:00,2026-08-23T19:31:28.911883+00:00
berlinische-galerie-brigitte-meier-denninghoff-2025,Berlinische Galerie,Berlin,Germany,"Alte Jakobstraße 124-128, 10969 Berlin",museum,national,https://berlinischegalerie.de,https://berlinischegalerie.de/en/exhibitions/,Brigitte Meier-Denninghoff,2025-09-05,2026-08-03,[],[],past,,https://berlinischegalerie.de/en/exhibitions/,html,2026-08-23T19:31:28.911883+00:00,2026-08-23T19:31:28.911883+00:00
berlinische-galerie-3hd-2025-vertigo-2025,Berlinische Galerie,Berlin,Germany,"Alte Jakobstraße 124-128, 10969 Berlin",museum,national,https://berlinischegalerie.de,https://berlinischegalerie.de/en/exhibitions/,3hd 2025: Vertigo,2025-10-01,2025-11-03,[],[],past,,https://berlinischegalerie.de/en/exhibitions/,html,2026-08-23T19:31:28.911883+00:00,2026-08-23T19:31:28.911883+00:00
berlinische-galerie-politics-of-care-care-as-resistance-2025,Berlinische Galerie,Berlin,Germany,"Alte Jakobstraße 124-128, 10969 Berlin",museum,national,https://berlinischegalerie.de,https://berlinischegalerie.de/en/exhibitions/,Politics of Care. Care as Resistance,2025-11-05,2026-02-23,[],[],past,,https://berlinischegalerie.de/en/exhibitions/,html,2026-08-23T19:31:28.911883+00:00,2026-08-23T19:31:28.911883+00:00
berlinische-galerie-raoul-hausmann-2025,Berlinische Galerie,Berlin,Germany,"Alte Jakobstraße 124-128, 10969 Berlin",museum,national,https://berlinischegalerie.de,https://berlinischegalerie.de/en/exhibitions/,Raoul Hausmann,2025-11-08,2026-03-16,[],[],past,,https://berlinischegalerie.de/en/exhibitions/,html,2026-08-23T19:31:28.911883+00:00,2026-08-23T19:31:28.911883+00:00
berlinische-galerie-stephanie-comilang-2026,Berlinische Galerie,Berlin,Germany,"Alte Jakobstraße 124-128, 10969 Berlin",museum,national,https://berlinischegalerie.de,https://berlinischegalerie.de/en/exhibitions/,Stephanie Comilang,2026-02-25,2026-06-01,[],[],past,,https://berlinischegalerie.de/en/exhibitions/,html,2026-08-23T19:31:28.911883+00:00,2026-08-23T19:31:28.911883+00:00
berlinische-galerie-josef-kaiser-2026,Berlinische Galerie,Berlin,Germany,"Alte Jakobstraße 124-128, 10969 Berlin",museum,national,https://berlinischegalerie.de,https://berlinischegalerie.de/en/exhibitions/,Josef Kaiser,2026-08-28,2027-02-01,[],[],upcoming,,https://berlinischegalerie.de/en/exhibitions/,html,2026-08-23T19:31:28.911883+00:00,2026-08-23T19:31:28.911883+00:00
berlinische-galerie-su-yu-hsin-2026,Berlinische Galerie,Berlin,Germany,"Alte Jakobstraße 124-128, 10969 Berlin",museum,national,https://berlinischegalerie.de,https://berlinischegalerie.de/en/exhibitions/,Su Yu Hsin,2026-09-09,2026-10-26,[],[],upcoming,,https://berlinischegalerie.de/en/exhibitions/,html,2026-08-23T19:31:28.911883+00:00,2026-08-23T19:31:28.911883+00:00
berlinische-galerie-jeewi-lee-2026,Berlinische Galerie,Berlin,Germany,"Alte Jakobstraße 124-128, 10969 Berlin",museum,national,https://berlinischegalerie.de,https://berlinischegalerie.de/en/exhibitions/,Jeewi Lee,2026-09-11,2027-04-05,[],[],upcoming,,https://berlinischegalerie.de/en/exhibitions/,html,2026-08-23T19:31:28.911883+00:00,2026-08-23T19:31:28.911883+00:00
berlinische-galerie-lovis-corinth-2026,Berlinische Galerie,Berlin,Germany,"Alte Jakobstraße 124-128, 10969 Berlin",museum,national,https://berlinischegalerie.de,https://berlinischegalerie.de/en/exhibitions/,Lovis Corinth,2026-10-09,2027-01-25,[],[],upcoming,,https://berlinischegalerie.de/en/exhibitions/,html,2026-08-23T19:31:28.911883+00:00,2026-08-23T19:31:28.911883+00:00
berlinische-galerie-rolf-von-bergmann-2027,Berlinische Galerie,Berlin,Germany,"Alte Jakobstraße 124-128, 10969 Berlin",museum,national,https://berlinischegalerie.de,https://berlinischegalerie.de/en/exhibitions/,Rolf von Bergmann,2027-02-26,2027-09-13,[],[],upcoming,,https://berlinischegalerie.de/en/exhibitions/,html,2026-08-23T19:31:28.911883+00:00,2026-08-23T19:31:28.911883+00:00
berlinische-galerie-anna-eva-bergman-2027,Berlinische Galerie,Berlin,Germany,"Alte Jakobstraße 124-128, 10969 Berlin",museum,national,https://berlinischegalerie.de,https://berlinischegalerie.de/en/exhibitions/,Anna-Eva Bergman,2027-03-19,2027-08-02,[],[],upcoming,,https://berlinischegalerie.de/en/exhibitions/,html,2026-08-23T19:31:28.911883+00:00,2026-08-23T19:31:28.911883+00:00
hamburger-bahnhof-hamburger-bahnhof-nationalgalerie-der-gegenwart-a-thousand-t-2026,Hamburger Bahnhof – Nationalgalerie der Gegenwart,Berlin,Germany,"Invalidenstraße 50-51, 10557 Berlin",museum,global,https://www.smb.museum/en/museums-institutions/hamburger-bahnhof,https://www.smb.museum/en/museums-institutions/hamburger-bahnhof/exhibitions/current/,Hamburger Bahnhof – Nationalgalerie der Gegenwart A Thousand Times Berlin The Collection Hamburger Bahnhof – Nationalgalerie der Gegenwart,,2026-06-12,"[""Hamburger Bahnhof""]",[],past,,https://www.smb.museum/en/museums-institutions/hamburger-bahnhof/exhibitions/current/,html,2026-08-23T19:31:28.911883+00:00,2026-08-23T19:31:28.911883+00:00
hamburger-bahnhof-hamburger-bahnhof-nationalgalerie-der-gegenwart-endless-exhi-2023,Hamburger Bahnhof – Nationalgalerie der Gegenwart,Berlin,Germany,"Invalidenstraße 50-51, 10557 Berlin",museum,global,https://www.smb.museum/en/museums-institutions/hamburger-bahnhof,https://www.smb.museum/en/museums-institutions/hamburger-bahnhof/exhibitions/current/,Hamburger Bahnhof – Nationalgalerie der Gegenwart Endless Exhibition,,2023-06-16,"[""Hamburger Bahnhof""]",[],past,,https://www.smb.museum/en/museums-institutions/hamburger-bahnhof/exhibitions/current/,html,2026-08-23T19:31:28.911883+00:00,2026-08-23T19:31:28.911883+00:00
hamburger-bahnhof-hamburger-bahnhof-nationalgalerie-der-gegenwart-forum-hambur-2023,Hamburger Bahnhof – Nationalgalerie der Gegenwart,Berlin,Germany,"Invalidenstraße 50-51, 10557 Berlin",museum,global,https://www.smb.museum/en/museums-institutions/hamburger-bahnhof,https://www.smb.museum/en/museums-institutions/hamburger-bahnhof/exhibitions/current/,Hamburger Bahnhof – Nationalgalerie der Gegenwart Forum Hamburger Bahnhof,,2023-06-16,"[""Hamburger Bahnhof""]",[],past,,https://www.smb.museum/en/museums-institutions/hamburger-bahnhof/exhibitions/current/,html,2026-08-23T19:31:28.911883+00:00,2026-08-23T19:31:28.911883+00:00
hamburger-bahnhof-hamburger-bahnhof-nationalgalerie-der-gegenwart-joseph-beuys-2024,Hamburger Bahnhof – Nationalgalerie der Gegenwart,Berlin,Germany,"Invalidenstraße 50-51, 10557 Berlin",museum,global,https://www.smb.museum/en/museums-institutions/hamburger-bahnhof,https://www.smb.museum/en/museums-institutions/hamburger-bahnhof/exhibitions/current/,Hamburger Bahnhof – Nationalgalerie der Gegenwart Joseph Beuys Works from the Nationalgalerie Collection,,2024-04-12,"[""Hamburger Bahnhof""]",[],past,,https://www.smb.museum/en/museums-institutions/hamburger-bahnhof/exhibitions/current/,html,2026-08-23T19:31:28.911883+00:00,2026-08-23T19:31:28.911883+00:00
hamburger-bahnhof-hamburger-bahnhof-nationalgalerie-der-gegenwart-saadane-afif-2025,Hamburger Bahnhof – Nationalgalerie der Gegenwart,Berlin,Germany,"Invalidenstraße 50-51, 10557 Berlin",museum,global,https://www.smb.museum/en/museums-institutions/hamburger-bahnhof,https://www.smb.museum/en/museums-institutions/hamburger-bahnhof/exhibitions/current/,Hamburger Bahnhof – Nationalgalerie der Gegenwart Saâdane Afif Five Preludes,2025-12-12,2026-09-13,"[""Hamburger Bahnhof""]",[],current,,https://www.smb.museum/en/museums-institutions/hamburger-bahnhof/exhibitions/current/,html,2026-08-23T19:31:28.911883+00:00,2026-08-23T19:31:28.911883+00:00
hamburger-bahnhof-hamburger-bahnhof-nationalgalerie-der-gegenwart-giulia-andre-2026,Hamburger Bahnhof – Nationalgalerie der Gegenwart,Berlin,Germany,"Invalidenstraße 50-51, 10557 Berlin",museum,global,https://www.smb.museum/en/museums-institutions/hamburger-bahnhof,https://www.smb.museum/en/museums-institutions/hamburger-bahnhof/exhibitions/current/,Hamburger Bahnhof – Nationalgalerie der Gegenwart Giulia Andreani Sabotage,2026-02-27,2026-09-13,"[""Hamburger Bahnhof""]",[],current,,https://www.smb.museum/en/museums-institutions/hamburger-bahnhof/exhibitions/current/,html,2026-08-23T19:31:28.911883+00:00,2026-08-23T19:31:28.911883+00:00
hamburger-bahnhof-hamburger-bahnhof-nationalgalerie-der-gegenwart-shilpa-gupta-2026,Hamburger Bahnhof – Nationalgalerie der Gegenwart,Berlin,Germany,"Invalidenstraße 50-51, 10557 Berlin",museum,global,https://www.smb.museum/en/museums-institutions/hamburger-bahnhof,https://www.smb.museum/en/museums-institutions/hamburger-bahnhof/exhibitions/current/,Hamburger Bahnhof – Nationalgalerie der Gegenwart Shilpa Gupta What Still Holds,2026-03-27,2027-01-03,"[""Hamburger Bahnhof""]",[],current,,https://www.smb.museum/en/museums-institutions/hamburger-bahnhof/exhibitions/current/,html,2026-08-23T19:31:28.911883+00:00,2026-08-23T19:31:28.911883+00:00
hamburger-bahnhof-hamburger-bahnhof-nationalgalerie-der-gegenwart-chanel-commi-2026,Hamburger Bahnhof – Nationalgalerie der Gegenwart,Berlin,Germany,"Invalidenstraße 50-51, 10557 Berlin",museum,global,https://www.smb.museum/en/museums-institutions/hamburger-bahnhof,https://www.smb.museum/en/museums-institutions/hamburger-bahnhof/exhibitions/current/,Hamburger Bahnhof – Nationalgalerie der Gegenwart CHANEL Commission: Lina Lapelytė. We Make Years Out of Hours,2026-05-01,2027-01-10,"[""Hamburger Bahnhof""]",[],current,,https://www.smb.museum/en/museums-institutions/hamburger-bahnhof/exhibitions/current/,html,2026-08-23T19:31:28.911883+00:00,2026-08-23T19:31:28.911883+00:00
hamburger-bahnhof-hamburger-bahnhof-nationalgalerie-der-gegenwart-materialisti-2026,Hamburger Bahnhof – Nationalgalerie der Gegenwart,Berlin,Germany,"Invalidenstraße 50-51, 10557 Berlin",museum,global,https://www.smb.museum/en/museums-institutions/hamburger-bahnhof,https://www.smb.museum/en/museums-institutions/hamburger-bahnhof/exhibitions/current/,"Hamburger Bahnhof – Nationalgalerie der Gegenwart [ materialistin ] Matter of Care, Care of Matter",2026-07-03,2027-03-14,"[""Hamburger Bahnhof""]",[],current,,https://www.smb.museum/en/museums-institutions/hamburger-bahnhof/exhibitions/current/,html,2026-08-23T19:31:28.911883+00:00,2026-08-23T19:31:28.911883+00:00
neue-nationalgalerie-neue-nationalgalerie-gerhard-richter-100-works-for-berlin-2023,Neue Nationalgalerie,Berlin,Germany,"Potsdamer Straße 50, 10785 Berlin",museum,global,https://www.smb.museum/en/museums-institutions/neue-nationalgalerie,https://www.smb.museum/en/museums-institutions/neue-nationalgalerie/exhibitions/current/,Neue Nationalgalerie Gerhard Richter: 100 Works for Berlin,,2023-04-01,[],[],past,,https://www.smb.museum/en/museums-institutions/neue-nationalgalerie/exhibitions/current/,html,2026-08-23T19:31:28.911883+00:00,2026-08-23T19:31:28.911883+00:00
neue-nationalgalerie-neue-nationalgalerie-extreme-tension-art-between-politics-an-2023,Neue Nationalgalerie,Berlin,Germany,"Potsdamer Straße 50, 10785 Berlin",museum,global,https://www.smb.museum/en/museums-institutions/neue-nationalgalerie,https://www.smb.museum/en/museums-institutions/neue-nationalgalerie/exhibitions/current/,Neue Nationalgalerie Extreme Tension. Art between Politics and Society Collection of the Nationalgalerie 1945 – 2000,2023-11-18,2027-04-11,[],[],current,,https://www.smb.museum/en/museums-institutions/neue-nationalgalerie/exhibitions/current/,html,2026-08-23T19:31:28.911883+00:00,2026-08-23T19:31:28.911883+00:00
neue-nationalgalerie-neue-nationalgalerie-christoph-schlingensief-deutschlandsuch-2025,Neue Nationalgalerie,Berlin,Germany,"Potsdamer Straße 50, 10785 Berlin",museum,global,https://www.smb.museum/en/museums-institutions/neue-nationalgalerie,https://www.smb.museum/en/museums-institutions/neue-nationalgalerie/exhibitions/current/,Neue Nationalgalerie Christoph Schlingensief. Deutschlandsuche ’99,2025-05-02,2027-04-25,[],[],current,,https://www.smb.museum/en/museums-institutions/neue-nationalgalerie/exhibitions/current/,html,2026-08-23T19:31:28.911883+00:00,2026-08-23T19:31:28.911883+00:00
neue-nationalgalerie-neue-nationalgalerie-ruin-and-rush-berlin-19101930-2026,Neue Nationalgalerie,Berlin,Germany,"Potsdamer Straße 50, 10785 Berlin",museum,global,https://www.smb.museum/en/museums-institutions/neue-nationalgalerie,https://www.smb.museum/en/museums-institutions/neue-nationalgalerie/exhibitions/current/,Neue Nationalgalerie Ruin and Rush Berlin 1910–1930,2026-04-25,2027-01-03,[],[],current,,https://www.smb.museum/en/museums-institutions/neue-nationalgalerie/exhibitions/current/,html,2026-08-23T19:31:28.911883+00:00,2026-08-23T19:31:28.911883+00:00
neue-nationalgalerie-neue-nationalgalerie-fujiko-nakaya-fog-sculpture-in-the-scul-2026,Neue Nationalgalerie,Berlin,Germany,"Potsdamer Straße 50, 10785 Berlin",museum,global,https://www.smb.museum/en/museums-institutions/neue-nationalgalerie,https://www.smb.museum/en/museums-institutions/neue-nationalgalerie/exhibitions/current/,Neue Nationalgalerie Fujiko Nakaya: Fog Sculpture in the Sculpture Garden of the Neue Nationalgalerie,2026-04-30,2026-10-25,[],[],current,,https://www.smb.museum/en/museums-institutions/neue-nationalgalerie/exhibitions/current/,html,2026-08-23T19:31:28.911883+00:00,2026-08-23T19:31:28.911883+00:00
neue-nationalgalerie-neue-nationalgalerie-gilbert-baker-rainbow-flag-2026,Neue Nationalgalerie,Berlin,Germany,"Potsdamer Straße 50, 10785 Berlin",museum,global,https://www.smb.museum/en/museums-institutions/neue-nationalgalerie,https://www.smb.museum/en/museums-institutions/neue-nationalgalerie/exhibitions/current/,Neue Nationalgalerie Gilbert Baker: Rainbow Flag,2026-07-04,2026-09-06,[],[],current,,https://www.smb.museum/en/museums-institutions/neue-nationalgalerie/exhibitions/current/,html,2026-08-23T19:31:28.911883+00:00,2026-08-23T19:31:28.911883+00:00
neue-nationalgalerie-neue-nationalgalerie-glenn-ligon-double-america-2026,Neue Nationalgalerie,Berlin,Germany,"Potsdamer Straße 50, 10785 Berlin",museum,global,https://www.smb.museum/en/museums-institutions/neue-nationalgalerie,https://www.smb.museum/en/museums-institutions/neue-nationalgalerie/exhibitions/current/,Neue Nationalgalerie Glenn Ligon: Double America,2026-07-04,2026-10-11,[],[],current,,https://www.smb.museum/en/museums-institutions/neue-nationalgalerie/exhibitions/current/,html,2026-08-23T19:31:28.911883+00:00,2026-08-23T19:31:28.911883+00:00
savvy-contemporary-architectural-echotones-2026,Savvy Contemporary,Berlin,Germany,"Plantagenstraße 31, 13347 Berlin",non_profit,national,https://savvy-contemporary.com,https://savvy-contemporary.com/en/projects/,ARCHITECTURAL ECHOTONES,2026-09-10,,[],[],upcoming,,https://savvy-contemporary.com/en/projects/,html,2026-08-23T19:31:28.911883+00:00,2026-08-23T19:31:28.911883+00:00
bozar-bozar-rooftop-2026-2026,Bozar – Centre for Fine Arts,Brussels,Belgium,"Rue Ravenstein 23, 1000 Brussels",kunsthalle,national,https://www.bozar.be,https://www.bozar.be/en/calendar?type=exhibition,Bozar Rooftop 2026,,2026-09-20,[],[],current,,https://www.bozar.be/en/calendar?type=exhibition,html,2026-08-23T19:31:28.911883+00:00,2026-08-23T19:31:28.911883+00:00
bozar-delcy-morelos-bozar-monumental-2026,Bozar – Centre for Fine Arts,Brussels,Belgium,"Rue Ravenstein 23, 1000 Brussels",kunsthalle,national,https://www.bozar.be,https://www.bozar.be/en/calendar?type=exhibition,Delcy Morelos. Bozar Monumental,,2026-08-30,[],[],current,,https://www.bozar.be/en/calendar?type=exhibition,html,2026-08-23T19:31:28.911883+00:00,2026-08-23T19:31:28.911883+00:00
bozar-festival-midis-minimes-2026-2026,Bozar – Centre for Fine Arts,Brussels,Belgium,"Rue Ravenstein 23, 1000 Brussels",kunsthalle,national,https://www.bozar.be,https://www.bozar.be/en/calendar?type=exhibition,Festival Midis-Minimes 2026,,2026-08-28,[],[],current,,https://www.bozar.be/en/calendar?type=exhibition,html,2026-08-23T19:31:28.911883+00:00,2026-08-23T19:31:28.911883+00:00
bozar-la-guitarra-flamenca-de-yerai-cortes-c-tangana-2026,Bozar – Centre for Fine Arts,Brussels,Belgium,"Rue Ravenstein 23, 1000 Brussels",kunsthalle,national,https://www.bozar.be,https://www.bozar.be/en/calendar?type=exhibition,La guitarra flamenca de Yerai Cortés - C. Tangana,,2026-08-29,[],[],current,,https://www.bozar.be/en/calendar?type=exhibition,html,2026-08-23T19:31:28.911883+00:00,2026-08-23T19:31:28.911883+00:00
bozar-le-chant-des-forets-vincent-munier-2026,Bozar – Centre for Fine Arts,Brussels,Belgium,"Rue Ravenstein 23, 1000 Brussels",kunsthalle,national,https://www.bozar.be,https://www.bozar.be/en/calendar?type=exhibition,Le Chant des Forêts - Vincent Munier,,2026-08-30,[],[],current,,https://www.bozar.be/en/calendar?type=exhibition,html,2026-08-23T19:31:28.911883+00:00,2026-08-23T19:31:28.911883+00:00
bozar-magellan-lav-diaz-2026,Bozar – Centre for Fine Arts,Brussels,Belgium,"Rue Ravenstein 23, 1000 Brussels",kunsthalle,national,https://www.bozar.be,https://www.bozar.be/en/calendar?type=exhibition,Magellan - Lav Diaz,,2026-08-27,[],[],current,,https://www.bozar.be/en/calendar?type=exhibition,html,2026-08-23T19:31:28.911883+00:00,2026-08-23T19:31:28.911883+00:00
bozar-orwell-2-2-5-raoul-peck-2026,Bozar – Centre for Fine Arts,Brussels,Belgium,"Rue Ravenstein 23, 1000 Brussels",kunsthalle,national,https://www.bozar.be,https://www.bozar.be/en/calendar?type=exhibition,Orwell: 2+2=5 - Raoul Peck,,2026-08-23,[],[],current,,https://www.bozar.be/en/calendar?type=exhibition,html,2026-08-23T19:31:28.911883+00:00,2026-08-23T19:31:28.911883+00:00
bozar-pompei-below-the-clouds-gianfranco-rosi-2026,Bozar – Centre for Fine Arts,Brussels,Belgium,"Rue Ravenstein 23, 1000 Brussels",kunsthalle,national,https://www.bozar.be,https://www.bozar.be/en/calendar?type=exhibition,"Pompei, Below the Clouds - Gianfranco Rosi",,2026-08-30,[],[],current,,https://www.bozar.be/en/calendar?type=exhibition,html,2026-08-23T19:31:28.911883+00:00,2026-08-23T19:31:28.911883+00:00
bozar-ponyo-hayao-miyazaki-2026,Bozar – Centre for Fine Arts,Brussels,Belgium,"Rue Ravenstein 23, 1000 Brussels",kunsthalle,national,https://www.bozar.be,https://www.bozar.be/en/calendar?type=exhibition,Ponyo - Hayao Miyazaki,,2026-08-23,[],[],current,,https://www.bozar.be/en/calendar?type=exhibition,html,2026-08-23T19:31:28.911883+00:00,2026-08-23T19:31:28.911883+00:00
bozar-upcoming-events-2026,Bozar – Centre for Fine Arts,Brussels,Belgium,"Rue Ravenstein 23, 1000 Brussels",kunsthalle,national,https://www.bozar.be,https://www.bozar.be/en/calendar?type=exhibition,Upcoming events,,2026-08-23,[],[],current,,https://www.bozar.be/en/calendar?type=exhibition,html,2026-08-23T19:31:28.911883+00:00,2026-08-23T19:31:28.911883+00:00
wiels-call-me-gravity-about-the-exhibition-12-06-20-09-2026-2026,WIELS,Brussels,Belgium,"Avenue Van Volxem 354, 1190 Brussels",kunsthalle,global,https://www.wiels.org,https://www.wiels.org/en/exhibitions,Call me gravity About the exhibition 12.06 20.09.2026,,2026-09-20,[],[],current,,https://www.wiels.org/en/exhibitions,html,2026-08-23T19:31:28.911883+00:00,2026-08-23T19:31:28.911883+00:00
wiels-ali-cherri-2026,WIELS,Brussels,Belgium,"Avenue Van Volxem 354, 1190 Brussels",kunsthalle,global,https://www.wiels.org,https://www.wiels.org/en/exhibitions,Ali Cherri,2026-09-05,2027-01-03,[],[],upcoming,,https://www.wiels.org/en/exhibitions,html,2026-08-23T19:31:28.911883+00:00,2026-08-23T19:31:28.911883+00:00
wiels-portia-zvavahera-2026,WIELS,Brussels,Belgium,"Avenue Van Volxem 354, 1190 Brussels",kunsthalle,global,https://www.wiels.org,https://www.wiels.org/en/exhibitions,Portia Zvavahera,2026-10-31,2027-02-28,[],[],upcoming,,https://www.wiels.org/en/exhibitions,html,2026-08-23T19:31:28.911883+00:00,2026-08-23T19:31:28.911883+00:00
m-plus-heri-dono-fermentation-of-the-mind-2026,M+,Hong Kong,Hong Kong,"38 Museum Drive, West Kowloon Cultural District, Hong Kong",museum,global,https://www.mplus.org.hk,https://www.mplus.org.hk/en/exhibitions/,Heri Dono: Fermentation of the Mind,2026-04-25,2026-08-30,[],[],current,,https://www.mplus.org.hk/en/exhibitions/,html,2026-08-23T19:31:28.911883+00:00,2026-08-23T19:31:28.911883+00:00
m-plus-making-it-matters-2026,M+,Hong Kong,Hong Kong,"38 Museum Drive, West Kowloon Cultural District, Hong Kong",museum,global,https://www.mplus.org.hk,https://www.mplus.org.hk/en/exhibitions/,Making It Matters,2026-04-25,2026-08-30,[],[],current,,https://www.mplus.org.hk/en/exhibitions/,html,2026-08-23T19:31:28.911883+00:00,2026-08-23T19:31:28.911883+00:00
m-plus-m-sigg-collection-inner-worlds-2026,M+,Hong Kong,Hong Kong,"38 Museum Drive, West Kowloon Cultural District, Hong Kong",museum,global,https://www.mplus.org.hk,https://www.mplus.org.hk/en/exhibitions/,M+ Sigg Collection: Inner Worlds,2026-05-30,2026-10-25,[],[],current,,https://www.mplus.org.hk/en/exhibitions/,html,2026-08-23T19:31:28.911883+00:00,2026-08-23T19:31:28.911883+00:00
m-plus-shanshui-echoes-and-signals-2026,M+,Hong Kong,Hong Kong,"38 Museum Drive, West Kowloon Cultural District, Hong Kong",museum,global,https://www.mplus.org.hk,https://www.mplus.org.hk/en/exhibitions/,Shanshui: Echoes and Signals,2026-05-30,2026-10-25,[],[],current,,https://www.mplus.org.hk/en/exhibitions/,html,2026-08-23T19:31:28.911883+00:00,2026-08-23T19:31:28.911883+00:00
m-plus-wael-shawky-i-am-hymns-of-the-new-temples-2026,M+,Hong Kong,Hong Kong,"38 Museum Drive, West Kowloon Cultural District, Hong Kong",museum,global,https://www.mplus.org.hk,https://www.mplus.org.hk/en/exhibitions/,Wael Shawky: I Am Hymns of the New Temples,2026-05-30,2026-10-25,[],[],current,,https://www.mplus.org.hk/en/exhibitions/,html,2026-08-23T19:31:28.911883+00:00,2026-08-23T19:31:28.911883+00:00
m-plus-andy-warhol-screen-tests-sleep-2026,M+,Hong Kong,Hong Kong,"38 Museum Drive, West Kowloon Cultural District, Hong Kong",museum,global,https://www.mplus.org.hk,https://www.mplus.org.hk/en/exhibitions/,"Andy Warhol: Screen Tests, Sleep",2026-06-27,2027-01-10,[],[],current,,https://www.mplus.org.hk/en/exhibitions/,html,2026-08-23T19:31:28.911883+00:00,2026-08-23T19:31:28.911883+00:00
m-plus-danh-vo-in-situ-akari-by-noguchi-2026,M+,Hong Kong,Hong Kong,"38 Museum Drive, West Kowloon Cultural District, Hong Kong",museum,global,https://www.mplus.org.hk,https://www.mplus.org.hk/en/exhibitions/,Danh Vo in Situ: Akari by Noguchi,2026-06-27,2027-01-10,[],[],current,,https://www.mplus.org.hk/en/exhibitions/,html,2026-08-23T19:31:28.911883+00:00,2026-08-23T19:31:28.911883+00:00
m-plus-design-ah-experience-the-wonder-of-everyday-design-2026,M+,Hong Kong,Hong Kong,"38 Museum Drive, West Kowloon Cultural District, Hong Kong",museum,global,https://www.mplus.org.hk,https://www.mplus.org.hk/en/exhibitions/,Design Ah! Experience the Wonder of Everyday Design,2026-06-27,2027-01-10,[],[],current,,https://www.mplus.org.hk/en/exhibitions/,html,2026-08-23T19:31:28.911883+00:00,2026-08-23T19:31:28.911883+00:00
m-plus-dial-a-poem-hong-kong-2026,M+,Hong Kong,Hong Kong,"38 Museum Drive, West Kowloon Cultural District, Hong Kong",museum,global,https://www.mplus.org.hk,https://www.mplus.org.hk/en/exhibitions/,Dial-A-Poem Hong Kong,2026-06-27,2027-01-10,[],[],current,,https://www.mplus.org.hk/en/exhibitions/,html,2026-08-23T19:31:28.911883+00:00,2026-08-23T19:31:28.911883+00:00
m-plus-m-playscape-2026,M+,Hong Kong,Hong Kong,"38 Museum Drive, West Kowloon Cultural District, Hong Kong",museum,global,https://www.mplus.org.hk,https://www.mplus.org.hk/en/exhibitions/,M+ Playscape,2026-06-27,2027-01-10,[],[],current,,https://www.mplus.org.hk/en/exhibitions/,html,2026-08-23T19:31:28.911883+00:00,2026-08-23T19:31:28.911883+00:00
m-plus-nakagin-and-kiyotomo-architectural-icons-from-tokyo-1970s198-2026,M+,Hong Kong,Hong Kong,"38 Museum Drive, West Kowloon Cultural District, Hong Kong",museum,global,https://www.mplus.org.hk,https://www.mplus.org.hk/en/exhibitions/,"Nakagin and Kiyotomo: Architectural Icons from Tokyo, 1970s–1980s",2026-06-27,2027-01-10,[],[],current,,https://www.mplus.org.hk/en/exhibitions/,html,2026-08-23T19:31:28.911883+00:00,2026-08-23T19:31:28.911883+00:00
m-plus-the-cabinet-2026,M+,Hong Kong,Hong Kong,"38 Museum Drive, West Kowloon Cultural District, Hong Kong",museum,global,https://www.mplus.org.hk,https://www.mplus.org.hk/en/exhibitions/,The Cabinet,2026-06-27,2027-01-10,[],[],current,,https://www.mplus.org.hk/en/exhibitions/,html,2026-08-23T19:31:28.911883+00:00,2026-08-23T19:31:28.911883+00:00
m-plus-things-spaces-interactions-2026,M+,Hong Kong,Hong Kong,"38 Museum Drive, West Kowloon Cultural District, Hong Kong",museum,global,https://www.mplus.org.hk,https://www.mplus.org.hk/en/exhibitions/,"Things, Spaces, Interactions",2026-06-27,2027-01-10,[],[],current,,https://www.mplus.org.hk/en/exhibitions/,html,2026-08-23T19:31:28.911883+00:00,2026-08-23T19:31:28.911883+00:00
m-plus-conserving-neon-culture-2026,M+,Hong Kong,Hong Kong,"38 Museum Drive, West Kowloon Cultural District, Hong Kong",museum,global,https://www.mplus.org.hk,https://www.mplus.org.hk/en/exhibitions/,Conserving Neon Culture,2026-08-04,2026-10-04,[],[],current,,https://www.mplus.org.hk/en/exhibitions/,html,2026-08-23T19:31:28.911883+00:00,2026-08-23T19:31:28.911883+00:00
m-plus-janet-cardiff-the-forty-part-motet-2026,M+,Hong Kong,Hong Kong,"38 Museum Drive, West Kowloon Cultural District, Hong Kong",museum,global,https://www.mplus.org.hk,https://www.mplus.org.hk/en/exhibitions/,Janet Cardiff: The Forty Part Motet,2026-08-04,2026-10-04,[],[],current,,https://www.mplus.org.hk/en/exhibitions/,html,2026-08-23T19:31:28.911883+00:00,2026-08-23T19:31:28.911883+00:00
para-site-jun-20-2026-2-00-pm-dec-31-2026-11-00-pm-today-2026,Para Site,Hong Kong,Hong Kong,"22/F, Wing Wah Industrial Building, 677 King's Road, Quarry Bay, Hong Kong",non_profit,global,https://www.para-site.art,https://www.para-site.art/programmes/,"Jun 20, 2026 ∙ 2:00 pm – Dec 31, 2026 ∙ 11:00 pm Today",2026-03-14,2027-12-31,[],[],current,,https://www.para-site.art/programmes/,html,2026-08-23T19:31:28.911883+00:00,2026-08-23T19:31:28.911883+00:00
para-site-mar-14-2026-dec-31-2027-today-2026,Para Site,Hong Kong,Hong Kong,"22/F, Wing Wah Industrial Building, 677 King's Road, Quarry Bay, Hong Kong",non_profit,global,https://www.para-site.art,https://www.para-site.art/programmes/,"Mar 14, 2026 – Dec 31, 2027 Today",2026-03-14,2027-12-31,"[""Mar 14, 2026""]",[],current,,https://www.para-site.art/programmes/,html,2026-08-23T19:31:28.911883+00:00,2026-08-23T19:31:28.911883+00:00
para-site-para-site-2026,Para Site,Hong Kong,Hong Kong,"22/F, Wing Wah Industrial Building, 677 King's Road, Quarry Bay, Hong Kong",non_profit,global,https://www.para-site.art,https://www.para-site.art/programmes/,Para Site,2026-03-14,2027-12-31,[],[],current,,https://www.para-site.art/programmes/,html,2026-08-23T19:31:28.911883+00:00,2026-08-23T19:31:28.911883+00:00
para-site-para-site-turns-30-announcing-our-2026-programmes-a-year-lon-2026,Para Site,Hong Kong,Hong Kong,"22/F, Wing Wah Industrial Building, 677 King's Road, Quarry Bay, Hong Kong",non_profit,global,https://www.para-site.art,https://www.para-site.art/programmes/,"Para Site turns 30! Announcing our 2026 programmes, a year-long celebration of contemporary art in Hong Kong and beyond.",2026-03-14,2027-12-31,[],[],current,,https://www.para-site.art/programmes/,html,2026-08-23T19:31:28.911883+00:00,2026-08-23T19:31:28.911883+00:00
para-site-year-close-jun-20-2026-2-00-pm-dec-31-2026-11-00-pm-today-el-2026,Para Site,Hong Kong,Hong Kong,"22/F, Wing Wah Industrial Building, 677 King's Road, Quarry Bay, Hong Kong",non_profit,global,https://www.para-site.art,https://www.para-site.art/programmes/,"Year Close Jun 20, 2026 ∙ 2:00 pm – Dec 31, 2026 ∙ 11:00 pm Today Elsewhere in Me",2026-03-14,2027-12-31,"[""Year Close Jun""]",[],current,,https://www.para-site.art/programmes/,html,2026-08-23T19:31:28.911883+00:00,2026-08-23T19:31:28.911883+00:00
serpentine-galleries-david-hockney-a-year-in-normandie-detail-2026,Serpentine Galleries,London,United Kingdom,"Kensington Gardens, London W2 3XA",kunsthalle,global,https://www.serpentinegalleries.org,https://www.serpentinegalleries.org/whats-on/,David Hockney: A Year in Normandie (Detail),2026-03-12,2026-09-20,[],[],current,,https://www.serpentinegalleries.org/whats-on/,html,2026-08-23T19:31:28.911883+00:00,2026-08-23T19:31:28.911883+00:00
serpentine-galleries-david-hockney-a-year-in-normandie-and-some-other-thoughts-ab-2026,Serpentine Galleries,London,United Kingdom,"Kensington Gardens, London W2 3XA",kunsthalle,global,https://www.serpentinegalleries.org,https://www.serpentinegalleries.org/whats-on/,David Hockney: A Year in Normandie and Some Other Thoughts about Painting,2026-03-12,2026-08-23,[],[],current,,https://www.serpentinegalleries.org/whats-on/,html,2026-08-23T19:31:28.911883+00:00,2026-08-23T19:31:28.911883+00:00
serpentine-galleries-ns-david-hockney-a-year-in-normandie-and-some-other-thoughts-2026,Serpentine Galleries,London,United Kingdom,"Kensington Gardens, London W2 3XA",kunsthalle,global,https://www.serpentinegalleries.org,https://www.serpentinegalleries.org/whats-on/,ns David Hockney: A Year in Normandie and Some Other Thoughts about Painting Serpentine North Gallery,2026-03-12,2026-08-23,[],[],current,,https://www.serpentinegalleries.org/whats-on/,html,2026-08-23T19:31:28.911883+00:00,2026-08-23T19:31:28.911883+00:00
serpentine-galleries-cecily-brown-picture-making-2026,Serpentine Galleries,London,United Kingdom,"Kensington Gardens, London W2 3XA",kunsthalle,global,https://www.serpentinegalleries.org,https://www.serpentinegalleries.org/whats-on/,Cecily Brown: Picture Making,2026-03-27,2026-09-06,[],[],current,,https://www.serpentinegalleries.org/whats-on/,html,2026-08-23T19:31:28.911883+00:00,2026-08-23T19:31:28.911883+00:00
serpentine-galleries-the-everyday-read-more-now-open-exhibitions-cecily-brown-pic-2026,Serpentine Galleries,London,United Kingdom,"Kensington Gardens, London W2 3XA",kunsthalle,global,https://www.serpentinegalleries.org,https://www.serpentinegalleries.org/whats-on/,the everyday. Read more + Now Open Exhibitions Cecily Brown: Picture Making Serpentine South Gallery,2026-03-27,2026-09-06,[],[],current,,https://www.serpentinegalleries.org/whats-on/,html,2026-08-23T19:31:28.911883+00:00,2026-08-23T19:31:28.911883+00:00
serpentine-galleries-in-the-park-2026,Serpentine Galleries,London,United Kingdom,"Kensington Gardens, London W2 3XA",kunsthalle,global,https://www.serpentinegalleries.org,https://www.serpentinegalleries.org/whats-on/,In the park,2026-06-06,2026-10-25,[],[],current,,https://www.serpentinegalleries.org/whats-on/,html,2026-08-23T19:31:28.911883+00:00,2026-08-23T19:31:28.911883+00:00
serpentine-galleries-serpentine-pavilion-2026-by-lanza-atelier-2026,Serpentine Galleries,London,United Kingdom,"Kensington Gardens, London W2 3XA",kunsthalle,global,https://www.serpentinegalleries.org,https://www.serpentinegalleries.org/whats-on/,Serpentine Pavilion 2026 by LANZA atelier,2026-06-06,2026-10-25,[],[],current,,https://www.serpentinegalleries.org/whats-on/,html,2026-08-23T19:31:28.911883+00:00,2026-08-23T19:31:28.911883+00:00
serpentine-galleries-jesus-rafael-soto-penetrable-bbl-jaune-2026,Serpentine Galleries,London,United Kingdom,"Kensington Gardens, London W2 3XA",kunsthalle,global,https://www.serpentinegalleries.org,https://www.serpentinegalleries.org/whats-on/,Jesús Rafael Soto: Pénétrable BBL Jaune,2026-06-16,2026-10-25,[],[],current,,https://www.serpentinegalleries.org/whats-on/,html,2026-08-23T19:31:28.911883+00:00,2026-08-23T19:31:28.911883+00:00
serpentine-galleries-public-art-2026,Serpentine Galleries,London,United Kingdom,"Kensington Gardens, London W2 3XA",kunsthalle,global,https://www.serpentinegalleries.org,https://www.serpentinegalleries.org/whats-on/,Public Art,2026-06-16,2026-10-25,[],[],current,,https://www.serpentinegalleries.org/whats-on/,html,2026-08-23T19:31:28.911883+00:00,2026-08-23T19:31:28.911883+00:00
serpentine-galleries-projects-2026,Serpentine Galleries,London,United Kingdom,"Kensington Gardens, London W2 3XA",kunsthalle,global,https://www.serpentinegalleries.org,https://www.serpentinegalleries.org/whats-on/,Projects,2026-07-20,2026-09-06,[],[],current,,https://www.serpentinegalleries.org/whats-on/,html,2026-08-23T19:31:28.911883+00:00,2026-08-23T19:31:28.911883+00:00
serpentine-galleries-resource-2026,Serpentine Galleries,London,United Kingdom,"Kensington Gardens, London W2 3XA",kunsthalle,global,https://www.serpentinegalleries.org,https://www.serpentinegalleries.org/whats-on/,Resource,2026-07-20,2026-09-06,[],[],current,,https://www.serpentinegalleries.org/whats-on/,html,2026-08-23T19:31:28.911883+00:00,2026-08-23T19:31:28.911883+00:00
serpentine-galleries-processing-2026,Serpentine Galleries,London,United Kingdom,"Kensington Gardens, London W2 3XA",kunsthalle,global,https://www.serpentinegalleries.org,https://www.serpentinegalleries.org/whats-on/,processing...,2026-07-20,2026-09-06,[],[],current,,https://www.serpentinegalleries.org/whats-on/,html,2026-08-23T19:31:28.911883+00:00,2026-08-23T19:31:28.911883+00:00
serpentine-galleries-st-read-more-now-open-exhibitions-projects-resource-processi-2026,Serpentine Galleries,London,United Kingdom,"Kensington Gardens, London W2 3XA",kunsthalle,global,https://www.serpentinegalleries.org,https://www.serpentinegalleries.org/whats-on/,st. Read more + Now Open Exhibitions Projects Resource processing... Serpentine South Education Space,2026-07-20,2026-09-06,[],[],current,,https://www.serpentinegalleries.org/whats-on/,html,2026-08-23T19:31:28.911883+00:00,2026-08-23T19:31:28.911883+00:00
serpentine-galleries-amar-kanwar-2026,Serpentine Galleries,London,United Kingdom,"Kensington Gardens, London W2 3XA",kunsthalle,global,https://www.serpentinegalleries.org,https://www.serpentinegalleries.org/whats-on/,Amar Kanwar,2026-09-23,2027-01-31,[],[],upcoming,,https://www.serpentinegalleries.org/whats-on/,html,2026-08-23T19:31:28.911883+00:00,2026-08-23T19:31:28.911883+00:00
serpentine-galleries-justin-caguiat-change-ringing-2026,Serpentine Galleries,London,United Kingdom,"Kensington Gardens, London W2 3XA",kunsthalle,global,https://www.serpentinegalleries.org,https://www.serpentinegalleries.org/whats-on/,Justin Caguiat: Change Ringing,2026-10-08,2027-01-10,[],[],upcoming,,https://www.serpentinegalleries.org/whats-on/,html,2026-08-23T19:31:28.911883+00:00,2026-08-23T19:31:28.911883+00:00
photographers-gallery-autofoto-photobooth-at-the-photographers-gallery-2026,The Photographers' Gallery,London,United Kingdom,"16-18 Ramillies Street, London W1F 7LW",museum,national,https://thephotographersgallery.org.uk,https://thephotographersgallery.org.uk/whats-on/,Autofoto photobooth at The Photographers' Gallery,2026-03-01,2026-12-31,[],[],current,,https://thephotographersgallery.org.uk/whats-on/,html,2026-08-23T19:31:28.911883+00:00,2026-08-23T19:31:28.911883+00:00
photographers-gallery-now-open-in-soho-photography-quarter-2026,The Photographers' Gallery,London,United Kingdom,"16-18 Ramillies Street, London W1F 7LW",museum,national,https://thephotographersgallery.org.uk,https://thephotographersgallery.org.uk/whats-on/,Now open in Soho Photography Quarter!,2026-06-19,2027-06-01,[],[],current,,https://thephotographersgallery.org.uk/whats-on/,html,2026-08-23T19:31:28.911883+00:00,2026-08-23T19:31:28.911883+00:00
photographers-gallery-find-us-2026,The Photographers' Gallery,London,United Kingdom,"16-18 Ramillies Street, London W1F 7LW",museum,national,https://thephotographersgallery.org.uk,https://thephotographersgallery.org.uk/whats-on/,Find us,2026-08-04,2026-11-01,[],[],current,,https://thephotographersgallery.org.uk/whats-on/,html,2026-08-23T19:31:28.911883+00:00,2026-08-23T19:31:28.911883+00:00
photographers-gallery-open-call-future-of-archives-whose-archive-is-it-anyway-2026,The Photographers' Gallery,London,United Kingdom,"16-18 Ramillies Street, London W1F 7LW",museum,national,https://thephotographersgallery.org.uk,https://thephotographersgallery.org.uk/whats-on/,Open Call | Future of Archives: Whose Archive is it Anyway?,2026-08-04,2026-11-01,[],[],current,,https://thephotographersgallery.org.uk/whats-on/,html,2026-08-23T19:31:28.911883+00:00,2026-08-23T19:31:28.911883+00:00
photographers-gallery-online-course-starting-an-archive-2026-2026,The Photographers' Gallery,London,United Kingdom,"16-18 Ramillies Street, London W1F 7LW",museum,national,https://thephotographersgallery.org.uk,https://thephotographersgallery.org.uk/whats-on/,Online Course: Starting an Archive (2026),2026-09-15,2026-10-20,[],[],upcoming,,https://thephotographersgallery.org.uk/whats-on/,html,2026-08-23T19:31:28.911883+00:00,2026-08-23T19:31:28.911883+00:00
photographers-gallery-online-course-japanese-photography-reconsidered-women-in-foc-2026,The Photographers' Gallery,London,United Kingdom,"16-18 Ramillies Street, London W1F 7LW",museum,national,https://thephotographersgallery.org.uk,https://thephotographersgallery.org.uk/whats-on/,Online course | Japanese photography reconsidered: Women in focus,2026-09-16,2026-10-21,[],[],upcoming,,https://thephotographersgallery.org.uk/whats-on/,html,2026-08-23T19:31:28.911883+00:00,2026-08-23T19:31:28.911883+00:00
whitechapel-gallery-gabriel-chaile-archaeology-of-memory-2026,Whitechapel Gallery,London,United Kingdom,"77-82 Whitechapel High Street, London E1 7QX",museum,global,https://www.whitechapelgallery.org,https://www.whitechapelgallery.org/exhibitions/,Gabriel Chaile: Archaeology of Memory,2026-04-01,2026-09-06,[],[],current,,https://www.whitechapelgallery.org/exhibitions/,html,2026-08-23T19:31:28.911883+00:00,2026-08-23T19:31:28.911883+00:00
whitechapel-gallery-media-installation-film-drawing-collage-ceramics-archive-on--2026,Whitechapel Gallery,London,United Kingdom,"77-82 Whitechapel High Street, London E1 7QX",museum,global,https://www.whitechapelgallery.org,https://www.whitechapelgallery.org/exhibitions/,Media Installation Film Drawing Collage Ceramics Archive On Now Gabriel Chaile: Archaeology of Memory,2026-04-01,2026-09-06,"[""Media Installation Film Drawing""]",[],current,,https://www.whitechapelgallery.org/exhibitions/,html,2026-08-23T19:31:28.911883+00:00,2026-08-23T19:31:28.911883+00:00
whitechapel-gallery-on-now-2026,Whitechapel Gallery,London,United Kingdom,"77-82 Whitechapel High Street, London E1 7QX",museum,global,https://www.whitechapelgallery.org,https://www.whitechapelgallery.org/exhibitions/,On Now,2026-04-01,2026-09-06,[],[],current,,https://www.whitechapelgallery.org/exhibitions/,html,2026-08-23T19:31:28.911883+00:00,2026-08-23T19:31:28.911883+00:00
whitechapel-gallery-backyard-biennial-east-2026,Whitechapel Gallery,London,United Kingdom,"77-82 Whitechapel High Street, London E1 7QX",museum,global,https://www.whitechapelgallery.org,https://www.whitechapelgallery.org/exhibitions/,Backyard Biennial: East,2026-07-15,2026-09-06,[],[],current,,https://www.whitechapelgallery.org/exhibitions/,html,2026-08-23T19:31:28.911883+00:00,2026-08-23T19:31:28.911883+00:00
whitechapel-gallery-east-end-voices-film-programme-2026,Whitechapel Gallery,London,United Kingdom,"77-82 Whitechapel High Street, London E1 7QX",museum,global,https://www.whitechapelgallery.org,https://www.whitechapelgallery.org/exhibitions/,East End Voices Film Programme,2026-07-15,2026-09-06,[],[],current,,https://www.whitechapelgallery.org/exhibitions/,html,2026-08-23T19:31:28.911883+00:00,2026-08-23T19:31:28.911883+00:00
whitechapel-gallery-east-of-the-aldgate-pump-2026,Whitechapel Gallery,London,United Kingdom,"77-82 Whitechapel High Street, London E1 7QX",museum,global,https://www.whitechapelgallery.org,https://www.whitechapelgallery.org/exhibitions/,East of the Aldgate Pump,2026-07-15,2026-09-06,[],[],current,,https://www.whitechapelgallery.org/exhibitions/,html,2026-08-23T19:31:28.911883+00:00,2026-08-23T19:31:28.911883+00:00
whitechapel-gallery-fozia-ismail-a-song-for-the-xeedho-the-knot-makers-2026,Whitechapel Gallery,London,United Kingdom,"77-82 Whitechapel High Street, London E1 7QX",museum,global,https://www.whitechapelgallery.org,https://www.whitechapelgallery.org/exhibitions/,Fozia Ismail: A Song for the Xeedho – The Knot Makers,2026-07-15,2026-09-06,[],[],current,,https://www.whitechapelgallery.org/exhibitions/,html,2026-08-23T19:31:28.911883+00:00,2026-08-23T19:31:28.911883+00:00
whitechapel-gallery-john-smith-film-programme-2026,Whitechapel Gallery,London,United Kingdom,"77-82 Whitechapel High Street, London E1 7QX",museum,global,https://www.whitechapelgallery.org,https://www.whitechapelgallery.org/exhibitions/,John Smith Film Programme,2026-07-15,2026-09-06,[],[],current,,https://www.whitechapelgallery.org/exhibitions/,html,2026-08-23T19:31:28.911883+00:00,2026-08-23T19:31:28.911883+00:00
whitechapel-gallery-oitij-jo-collective-tufan-2026,Whitechapel Gallery,London,United Kingdom,"77-82 Whitechapel High Street, London E1 7QX",museum,global,https://www.whitechapelgallery.org,https://www.whitechapelgallery.org/exhibitions/,OITIJ-JO Collective: TUFAN,2026-07-15,2026-09-06,[],[],current,,https://www.whitechapelgallery.org/exhibitions/,html,2026-08-23T19:31:28.911883+00:00,2026-08-23T19:31:28.911883+00:00
whitechapel-gallery-the-ropery-2026,Whitechapel Gallery,London,United Kingdom,"77-82 Whitechapel High Street, London E1 7QX",museum,global,https://www.whitechapelgallery.org,https://www.whitechapelgallery.org/exhibitions/,The Ropery,2026-07-15,2026-08-30,[],[],current,,https://www.whitechapelgallery.org/exhibitions/,html,2026-08-23T19:31:28.911883+00:00,2026-08-23T19:31:28.911883+00:00
whitechapel-gallery-cecilia-vicuna-2027,Whitechapel Gallery,London,United Kingdom,"77-82 Whitechapel High Street, London E1 7QX",museum,global,https://www.whitechapelgallery.org,https://www.whitechapelgallery.org/exhibitions/,Cecilia Vicuña,2027-10-07,2027-02-14,[],[],upcoming,,https://www.whitechapelgallery.org/exhibitions/,html,2026-08-23T19:31:28.911883+00:00,2026-08-23T19:31:28.911883+00:00
whitechapel-gallery-coming-soon-2027,Whitechapel Gallery,London,United Kingdom,"77-82 Whitechapel High Street, London E1 7QX",museum,global,https://www.whitechapelgallery.org,https://www.whitechapelgallery.org/exhibitions/,Coming Soon,2027-10-07,2027-02-14,[],[],upcoming,,https://www.whitechapelgallery.org/exhibitions/,html,2026-08-23T19:31:28.911883+00:00,2026-08-23T19:31:28.911883+00:00
whitechapel-gallery-coming-soon-cecilia-vicuna-2027,Whitechapel Gallery,London,United Kingdom,"77-82 Whitechapel High Street, London E1 7QX",museum,global,https://www.whitechapelgallery.org,https://www.whitechapelgallery.org/exhibitions/,Coming Soon Cecilia Vicuña,2027-10-07,2027-02-14,"[""Coming Soon Cecilia""]",[],upcoming,,https://www.whitechapelgallery.org/exhibitions/,html,2026-08-23T19:31:28.911883+00:00,2026-08-23T19:31:28.911883+00:00
muac-los-grupos-y-otras-revueltas-artisticas-2026,MUAC – Museo Universitario Arte Contemporáneo,Mexico City,Mexico,"Insurgentes Sur 3000, Centro Cultural Universitario, Coyoacán, Mexico City",museum,national,https://muac.unam.mx,https://muac.unam.mx/exposiciones,Los grupos y otras revueltas artísticas,2026-02-07,2026-08-30,[],[],current,,https://muac.unam.mx/exposiciones,html,2026-08-23T19:31:28.911883+00:00,2026-08-23T19:31:28.911883+00:00
muac-tim-hecker-2026,MUAC – Museo Universitario Arte Contemporáneo,Mexico City,Mexico,"Insurgentes Sur 3000, Centro Cultural Universitario, Coyoacán, Mexico City",museum,national,https://muac.unam.mx,https://muac.unam.mx/exposiciones,Tim Hecker,2026-04-25,2026-09-27,[],[],current,,https://muac.unam.mx/exposiciones,html,2026-08-23T19:31:28.911883+00:00,2026-08-23T19:31:28.911883+00:00
muac-desde-el-umbral-2026,MUAC – Museo Universitario Arte Contemporáneo,Mexico City,Mexico,"Insurgentes Sur 3000, Centro Cultural Universitario, Coyoacán, Mexico City",museum,national,https://muac.unam.mx,https://muac.unam.mx/exposiciones,Desde el umbral,2026-06-13,2026-12-11,[],[],current,,https://muac.unam.mx/exposiciones,html,2026-08-23T19:31:28.911883+00:00,2026-08-23T19:31:28.911883+00:00
muac-la-historia-de-como-sentarse-2026,MUAC – Museo Universitario Arte Contemporáneo,Mexico City,Mexico,"Insurgentes Sur 3000, Centro Cultural Universitario, Coyoacán, Mexico City",museum,national,https://muac.unam.mx,https://muac.unam.mx/exposiciones,La historia de cómo sentarse,2026-08-01,2026-10-11,[],[],current,,https://muac.unam.mx/exposiciones,html,2026-08-23T19:31:28.911883+00:00,2026-08-23T19:31:28.911883+00:00
museo-jumex-elsa-louise-manceaux-voice-notes-25-sep-2025-08-feb-2026-2025,Museo Jumex,Mexico City,Mexico,"Miguel de Cervantes Saavedra 303, Granada, Miguel Hidalgo, 11529 Mexico City",museum,global,https://www.fundacionjumex.org,https://www.fundacionjumex.org/en/exposiciones,Elsa-Louise Manceaux: Voice Notes 25.SEP.2025 - 08.FEB.2026,2025-09-25,2026-02-08,[],[],past,,https://www.fundacionjumex.org/en/exposiciones,html,2026-08-23T19:31:28.911883+00:00,2026-08-23T19:31:28.911883+00:00
museo-jumex-gabriel-de-la-mora-la-petite-mort-25-sep-2025-08-feb-2026-2025,Museo Jumex,Mexico City,Mexico,"Miguel de Cervantes Saavedra 303, Granada, Miguel Hidalgo, 11529 Mexico City",museum,global,https://www.fundacionjumex.org,https://www.fundacionjumex.org/en/exposiciones,GABRIEL DE LA MORA: LA PETITE MORT 25.SEP.2025 - 08.FEB.2026,2025-09-25,2026-02-08,[],[],past,,https://www.fundacionjumex.org/en/exposiciones,html,2026-08-23T19:31:28.911883+00:00,2026-08-23T19:31:28.911883+00:00
museo-jumex-simone-fattal-03-feb-01-mar-2026-2026,Museo Jumex,Mexico City,Mexico,"Miguel de Cervantes Saavedra 303, Granada, Miguel Hidalgo, 11529 Mexico City",museum,global,https://www.fundacionjumex.org,https://www.fundacionjumex.org/en/exposiciones,Simone Fattal 03.FEB. - 01.MAR.2026,2026-02-03,2026-03-01,[],[],past,,https://www.fundacionjumex.org/en/exposiciones,html,2026-08-23T19:31:28.911883+00:00,2026-08-23T19:31:28.911883+00:00
museo-jumex-melanie-smith-a-time-of-freedom-in-which-the-world-had-been--2026,Museo Jumex,Mexico City,Mexico,"Miguel de Cervantes Saavedra 303, Granada, Miguel Hidalgo, 11529 Mexico City",museum,global,https://www.fundacionjumex.org,https://www.fundacionjumex.org/en/exposiciones,Melanie Smith: A Time of Freedom in Which the World Had Been Possible 28.FEB. - 15.MAR.2026,2026-02-28,2026-03-15,[],[],past,,https://www.fundacionjumex.org/en/exposiciones,html,2026-08-23T19:31:28.911883+00:00,2026-08-23T19:31:28.911883+00:00
museo-jumex-diffuse-visions-07-mar-30-aug-2026-2026,Museo Jumex,Mexico City,Mexico,"Miguel de Cervantes Saavedra 303, Granada, Miguel Hidalgo, 11529 Mexico City",museum,global,https://www.fundacionjumex.org,https://www.fundacionjumex.org/en/exposiciones,DIFFUSE VISIONS 07.MAR. - 30.AUG.2026,2026-03-07,2026-08-30,[],[],current,,https://www.fundacionjumex.org/en/exposiciones,html,2026-08-23T19:31:28.911883+00:00,2026-08-23T19:31:28.911883+00:00
museo-jumex-football-art-a-shared-emotion-28-mar-26-jul-2026-2026,Museo Jumex,Mexico City,Mexico,"Miguel de Cervantes Saavedra 303, Granada, Miguel Hidalgo, 11529 Mexico City",museum,global,https://www.fundacionjumex.org,https://www.fundacionjumex.org/en/exposiciones,FOOTBALL & ART. A SHARED EMOTION 28.MAR. - 26.JUL.2026,2026-03-28,2026-07-26,[],[],past,,https://www.fundacionjumex.org/en/exposiciones,html,2026-08-23T19:31:28.911883+00:00,2026-08-23T19:31:28.911883+00:00
museo-jumex-slavs-and-tatars-samovar-swell-09-apr-22-may-2026-2026,Museo Jumex,Mexico City,Mexico,"Miguel de Cervantes Saavedra 303, Granada, Miguel Hidalgo, 11529 Mexico City",museum,global,https://www.fundacionjumex.org,https://www.fundacionjumex.org/en/exposiciones,SLAVS AND TATARS: SAMOVAR SWELL 09.APR. - 22.MAY.2026,2026-04-09,2026-05-22,[],[],past,,https://www.fundacionjumex.org/en/exposiciones,html,2026-08-23T19:31:28.911883+00:00,2026-08-23T19:31:28.911883+00:00
museo-jumex-objects-of-glory-iconic-moments-in-the-history-of-football-1-2026,Museo Jumex,Mexico City,Mexico,"Miguel de Cervantes Saavedra 303, Granada, Miguel Hidalgo, 11529 Mexico City",museum,global,https://www.fundacionjumex.org,https://www.fundacionjumex.org/en/exposiciones,Objects of Glory: Iconic Moments in the History of Football 10.JUN. - 30.AUG.2026,2026-06-10,2026-08-30,[],[],current,,https://www.fundacionjumex.org/en/exposiciones,html,2026-08-23T19:31:28.911883+00:00,2026-08-23T19:31:28.911883+00:00
museo-jumex-richard-prince-tell-me-everything-26-sep-2026-07-feb-2027-2026,Museo Jumex,Mexico City,Mexico,"Miguel de Cervantes Saavedra 303, Granada, Miguel Hidalgo, 11529 Mexico City",museum,global,https://www.fundacionjumex.org,https://www.fundacionjumex.org/en/exposiciones,Richard Prince: Tell Me Everything 26.SEP.2026 - 07.FEB.2027,2026-09-26,2027-02-07,[],[],upcoming,,https://www.fundacionjumex.org/en/exposiciones,html,2026-08-23T19:31:28.911883+00:00,2026-08-23T19:31:28.911883+00:00
museo-jumex-upcoming-exhibition-richard-prince-tell-me-everything-26-sep-2026,Museo Jumex,Mexico City,Mexico,"Miguel de Cervantes Saavedra 303, Granada, Miguel Hidalgo, 11529 Mexico City",museum,global,https://www.fundacionjumex.org,https://www.fundacionjumex.org/en/exposiciones,Upcoming Exhibition Richard Prince: Tell Me Everything 26.SEP.2026 - 07.FEB.2027,2026-09-26,2027-02-07,[],[],upcoming,,https://www.fundacionjumex.org/en/exposiciones,html,2026-08-23T19:31:28.911883+00:00,2026-08-23T19:31:28.911883+00:00
museo-jumex-raul-silva-gateway-16-oct-2026-07-feb-2027-2026,Museo Jumex,Mexico City,Mexico,"Miguel de Cervantes Saavedra 303, Granada, Miguel Hidalgo, 11529 Mexico City",museum,global,https://www.fundacionjumex.org,https://www.fundacionjumex.org/en/exposiciones,RAÚL SILVA: GATEWAY 16.OCT.2026 - 07.FEB.2027,2026-10-16,2027-02-07,[],[],upcoming,,https://www.fundacionjumex.org/en/exposiciones,html,2026-08-23T19:31:28.911883+00:00,2026-08-23T19:31:28.911883+00:00
museo-jumex-upcoming-exhibition-raul-silva-gateway-16-oct-2026-07-feb-20-2026,Museo Jumex,Mexico City,Mexico,"Miguel de Cervantes Saavedra 303, Granada, Miguel Hidalgo, 11529 Mexico City",museum,global,https://www.fundacionjumex.org,https://www.fundacionjumex.org/en/exposiciones,Upcoming Exhibition RAÚL SILVA: GATEWAY 16.OCT.2026 - 07.FEB.2027,2026-10-16,2027-02-07,[],[],upcoming,,https://www.fundacionjumex.org/en/exposiciones,html,2026-08-23T19:31:28.911883+00:00,2026-08-23T19:31:28.911883+00:00
museo-jumex-upcoming-exhibition-alvaro-urbano-helen-16-oct-2026-07-feb-2-2026,Museo Jumex,Mexico City,Mexico,"Miguel de Cervantes Saavedra 303, Granada, Miguel Hidalgo, 11529 Mexico City",museum,global,https://www.fundacionjumex.org,https://www.fundacionjumex.org/en/exposiciones,Upcoming Exhibition ÁLVARO URBANO: HELEN 16.OCT.2026 - 07.FEB.2027,2026-10-16,2027-02-07,[],[],upcoming,,https://www.fundacionjumex.org/en/exposiciones,html,2026-08-23T19:31:28.911883+00:00,2026-08-23T19:31:28.911883+00:00
museo-jumex-alvaro-urbano-helen-16-oct-2026-07-feb-2027-2026,Museo Jumex,Mexico City,Mexico,"Miguel de Cervantes Saavedra 303, Granada, Miguel Hidalgo, 11529 Mexico City",museum,global,https://www.fundacionjumex.org,https://www.fundacionjumex.org/en/exposiciones,ÁLVARO URBANO: HELEN 16.OCT.2026 - 07.FEB.2027,2026-10-16,2027-02-07,[],[],upcoming,,https://www.fundacionjumex.org/en/exposiciones,html,2026-08-23T19:31:28.911883+00:00,2026-08-23T19:31:28.911883+00:00
artists-space-brad-kronz-2025,Artists Space,New York,United States,"11 Cortlandt Alley, New York, NY 10013",non_profit,national,https://artistsspace.org,https://artistsspace.org/exhibitions,Brad Kronz,2025-12-11,2026-02-21,[],[],past,,https://artistsspace.org/exhibitions,html,2026-08-23T19:31:28.911883+00:00,2026-08-23T19:31:28.911883+00:00
artists-space-david-armstrong-portraits-2026,Artists Space,New York,United States,"11 Cortlandt Alley, New York, NY 10013",non_profit,national,https://artistsspace.org,https://artistsspace.org/exhibitions,David Armstrong Portraits,2026-03-10,2026-05-23,[],[],past,,https://artistsspace.org/exhibitions,html,2026-08-23T19:31:28.911883+00:00,2026-08-23T19:31:28.911883+00:00
artists-space-past-shani-strand-everything-must-be-returned-2026,Artists Space,New York,United States,"11 Cortlandt Alley, New York, NY 10013",non_profit,national,https://artistsspace.org,https://artistsspace.org/exhibitions,Past Shani Strand: Everything Must Be Returned,2026-06-12,2026-08-15,"[""Past Shani""]",[],past,,https://artistsspace.org/exhibitions,html,2026-08-23T19:31:28.911883+00:00,2026-08-23T19:31:28.911883+00:00
artists-space-shani-strand-everything-must-be-returned-2026,Artists Space,New York,United States,"11 Cortlandt Alley, New York, NY 10013",non_profit,national,https://artistsspace.org,https://artistsspace.org/exhibitions,Shani Strand: Everything Must Be Returned,2026-06-12,2026-08-15,[],[],past,,https://artistsspace.org/exhibitions,html,2026-08-23T19:31:28.911883+00:00,2026-08-23T19:31:28.911883+00:00
artists-space-artists-space-2026,Artists Space,New York,United States,"11 Cortlandt Alley, New York, NY 10013",non_profit,national,https://artistsspace.org,https://artistsspace.org/exhibitions,Artists Space,2026-09-11,2026-11-21,[],[],upcoming,,https://artistsspace.org/exhibitions,html,2026-08-23T19:31:28.911883+00:00,2026-08-23T19:31:28.911883+00:00
artists-space-artists-space-exhibitions-upcoming-theresa-hak-kyung-cha-mul-2026,Artists Space,New York,United States,"11 Cortlandt Alley, New York, NY 10013",non_profit,national,https://artistsspace.org,https://artistsspace.org/exhibitions,Artists Space Exhibitions Upcoming Theresa Hak Kyung Cha: Multiple Offerings,2026-09-11,2026-11-21,"[""Artists Space Exhibitions Upcoming""]",[],upcoming,,https://artistsspace.org/exhibitions,html,2026-08-23T19:31:28.911883+00:00,2026-08-23T19:31:28.911883+00:00
artists-space-theresa-hak-kyung-cha-multiple-offerings-2026,Artists Space,New York,United States,"11 Cortlandt Alley, New York, NY 10013",non_profit,national,https://artistsspace.org,https://artistsspace.org/exhibitions,Theresa Hak Kyung Cha: Multiple Offerings,2026-09-11,2026-11-21,[],[],upcoming,,https://artistsspace.org/exhibitions,html,2026-08-23T19:31:28.911883+00:00,2026-08-23T19:31:28.911883+00:00
swiss-institute-regift-2026,Swiss Institute,New York,United States,"38 St. Marks Place, New York, NY 10003",non_profit,national,https://swissinstitute.net,https://swissinstitute.net/exhibitions,Regift,2026-06-13,2026-09-06,[],[],current,,https://swissinstitute.net/exhibitions,html,2026-08-23T19:31:28.911883+00:00,2026-08-23T19:31:28.911883+00:00
whitney-museum-the-lost-world-the-art-of-minnie-evans-2027,Whitney Museum of American Art,New York,United States,"99 Gansevoort Street, New York, NY 10014",museum,global,https://whitney.org,https://whitney.org/exhibitions,The Lost World: The Art of Minnie Evans,,2027-01-10,[],[],current,,https://whitney.org/exhibitions,html,2026-08-23T19:31:28.911883+00:00,2026-08-23T19:31:28.911883+00:00
whitney-museum-whitney-biennial-2026-2027,Whitney Museum of American Art,New York,United States,"99 Gansevoort Street, New York, NY 10014",museum,global,https://whitney.org,https://whitney.org/exhibitions,Whitney Biennial 2026,,2027-01-10,[],[],current,,https://whitney.org/exhibitions,html,2026-08-23T19:31:28.911883+00:00,2026-08-23T19:31:28.911883+00:00
whitney-museum-t-chance-whitney-biennial-2026-on-partial-view-through-oct-1-2027,Whitney Museum of American Art,New York,United States,"99 Gansevoort Street, New York, NY 10014",museum,global,https://whitney.org,https://whitney.org/exhibitions,t chance Whitney Biennial 2026 On Partial view through Oct 12 The Lost World: The Art of Minnie Evans,,2027-01-10,[],[],current,,https://whitney.org/exhibitions,html,2026-08-23T19:31:28.911883+00:00,2026-08-23T19:31:28.911883+00:00
whitney-museum-coumba-samba-stars-and-stripes-2027,Whitney Museum of American Art,New York,United States,"99 Gansevoort Street, New York, NY 10014",museum,global,https://whitney.org,https://whitney.org/exhibitions,Coumba Samba: Stars and Stripes,2027-01-30,,[],[],upcoming,,https://whitney.org/exhibitions,html,2026-08-23T19:31:28.911883+00:00,2026-08-23T19:31:28.911883+00:00
whitney-museum-farah-al-qasimi-tailspin-2027,Whitney Museum of American Art,New York,United States,"99 Gansevoort Street, New York, NY 10014",museum,global,https://whitney.org,https://whitney.org/exhibitions,Farah Al Qasimi: TAILSPIN,2027-01-30,,[],[],upcoming,,https://whitney.org/exhibitions,html,2026-08-23T19:31:28.911883+00:00,2026-08-23T19:31:28.911883+00:00
whitney-museum-roy-lichtenstein-like-new-2027,Whitney Museum of American Art,New York,United States,"99 Gansevoort Street, New York, NY 10014",museum,global,https://whitney.org,https://whitney.org/exhibitions,Roy Lichtenstein: Like New,2027-01-30,,[],[],upcoming,,https://whitney.org/exhibitions,html,2026-08-23T19:31:28.911883+00:00,2026-08-23T19:31:28.911883+00:00
whitney-museum-artport-a-history-of-internet-art-2027,Whitney Museum of American Art,New York,United States,"99 Gansevoort Street, New York, NY 10014",museum,global,https://whitney.org,https://whitney.org/exhibitions,artport: A History of Internet Art,2027-01-30,,[],[],upcoming,,https://whitney.org/exhibitions,html,2026-08-23T19:31:28.911883+00:00,2026-08-23T19:31:28.911883+00:00
whitney-museum-sonya-kelliher-combs-titiq-mark-2027,Whitney Museum of American Art,New York,United States,"99 Gansevoort Street, New York, NY 10014",museum,global,https://whitney.org,https://whitney.org/exhibitions,Sonya Kelliher-Combs: TITIQ/MARK,2027-02-06,,[],[],upcoming,,https://whitney.org/exhibitions,html,2026-08-23T19:31:28.911883+00:00,2026-08-23T19:31:28.911883+00:00
centre-pompidou-reinventing-landscape-highlights-of-the-centre-pompidou-coll-2025,Centre Pompidou,Paris,France,"Place Georges-Pompidou, 75004 Paris",museum,global,https://www.centrepompidou.fr,https://www.centrepompidou.fr/en/program/exhibitions,Reinventing Landscape Highlights of the Centre Pompidou collection,2025-04-28,2026-10-18,[],[],current,,https://www.centrepompidou.fr/en/program/exhibitions,html,2026-08-23T19:31:28.911883+00:00,2026-08-23T19:31:28.911883+00:00
centre-pompidou-dimanche-sans-fin-maurizio-cattelan-the-centre-pompidou-coll-2025,Centre Pompidou,Paris,France,"Place Georges-Pompidou, 75004 Paris",museum,global,https://www.centrepompidou.fr,https://www.centrepompidou.fr/en/program/exhibitions,Dimanche sans fin Maurizio Cattelan & the Centre Pompidou collection,2025-05-08,2027-02-02,[],[],current,,https://www.centrepompidou.fr/en/program/exhibitions,html,2026-08-23T19:31:28.911883+00:00,2026-08-23T19:31:28.911883+00:00
centre-pompidou-to-open-eyes-artists-gaze-2025,Centre Pompidou,Paris,France,"Place Georges-Pompidou, 75004 Paris",museum,global,https://www.centrepompidou.fr,https://www.centrepompidou.fr/en/program/exhibitions,To Open Eyes Artists' Gaze,2025-07-03,2027-01-31,[],[],current,,https://www.centrepompidou.fr/en/program/exhibitions,html,2026-08-23T19:31:28.911883+00:00,2026-08-23T19:31:28.911883+00:00
centre-pompidou-constantin-brancusi-2026,Centre Pompidou,Paris,France,"Place Georges-Pompidou, 75004 Paris",museum,global,https://www.centrepompidou.fr,https://www.centrepompidou.fr/en/program/exhibitions,Constantin Brancusi,2026-03-20,2026-08-09,[],[],past,,https://www.centrepompidou.fr/en/program/exhibitions,html,2026-08-23T19:31:28.911883+00:00,2026-08-23T19:31:28.911883+00:00
centre-pompidou-chez-matisse-el-legado-de-una-nueva-pintura-2026,Centre Pompidou,Paris,France,"Place Georges-Pompidou, 75004 Paris",museum,global,https://www.centrepompidou.fr,https://www.centrepompidou.fr/en/program/exhibitions,Chez Matisse El legado de una nueva pintura,2026-03-26,2026-08-23,[],[],current,,https://www.centrepompidou.fr/en/program/exhibitions,html,2026-08-23T19:31:28.911883+00:00,2026-08-23T19:31:28.911883+00:00
centre-pompidou-100-x-morellet-2026,Centre Pompidou,Paris,France,"Place Georges-Pompidou, 75004 Paris",museum,global,https://www.centrepompidou.fr,https://www.centrepompidou.fr/en/program/exhibitions,100 x Morellet,2026-04-03,2027-09-27,[],[],current,,https://www.centrepompidou.fr/en/program/exhibitions,html,2026-08-23T19:31:28.911883+00:00,2026-08-23T19:31:28.911883+00:00
centre-pompidou-francois-morellet-100-pour-cent-2026,Centre Pompidou,Paris,France,"Place Georges-Pompidou, 75004 Paris",museum,global,https://www.centrepompidou.fr,https://www.centrepompidou.fr/en/program/exhibitions,François Morellet 100 pour cent,2026-04-03,2026-09-29,[],[],current,,https://www.centrepompidou.fr/en/program/exhibitions,html,2026-08-23T19:31:28.911883+00:00,2026-08-23T19:31:28.911883+00:00
centre-pompidou-hilma-af-klint-2026,Centre Pompidou,Paris,France,"Place Georges-Pompidou, 75004 Paris",museum,global,https://www.centrepompidou.fr,https://www.centrepompidou.fr/en/program/exhibitions,Hilma af Klint,2026-05-06,2026-08-30,[],[],current,,https://www.centrepompidou.fr/en/program/exhibitions,html,2026-08-23T19:31:28.911883+00:00,2026-08-23T19:31:28.911883+00:00
centre-pompidou-raoul-dufy-la-melodie-du-bonheur-2026,Centre Pompidou,Paris,France,"Place Georges-Pompidou, 75004 Paris",museum,global,https://www.centrepompidou.fr,https://www.centrepompidou.fr/en/program/exhibitions,"Raoul Dufy, la mélodie du bonheur",2026-06-27,2026-09-20,[],[],current,,https://www.centrepompidou.fr/en/program/exhibitions,html,2026-08-23T19:31:28.911883+00:00,2026-08-23T19:31:28.911883+00:00
centre-pompidou-suivez-le-fil-design-textile-2026,Centre Pompidou,Paris,France,"Place Georges-Pompidou, 75004 Paris",museum,global,https://www.centrepompidou.fr,https://www.centrepompidou.fr/en/program/exhibitions,Suivez le fil ! Design & textile,2026-06-27,2026-10-31,[],[],current,,https://www.centrepompidou.fr/en/program/exhibitions,html,2026-08-23T19:31:28.911883+00:00,2026-08-23T19:31:28.911883+00:00
centre-pompidou-musee-sentimental-sentimental-museum-andre-breton-daniel-spo-2026,Centre Pompidou,Paris,France,"Place Georges-Pompidou, 75004 Paris",museum,global,https://www.centrepompidou.fr,https://www.centrepompidou.fr/en/program/exhibitions,"Musée sentimental (Sentimental Museum) André Breton, Daniel Spoerri, Joseph Cornell, Annette Messager, Marcel Duchamp, Ben…",2026-09-11,2027-03-14,[],[],upcoming,,https://www.centrepompidou.fr/en/program/exhibitions,html,2026-08-23T19:31:28.911883+00:00,2026-08-23T19:31:28.911883+00:00
centre-pompidou-cezanne-et-nous-2026,Centre Pompidou,Paris,France,"Place Georges-Pompidou, 75004 Paris",museum,global,https://www.centrepompidou.fr,https://www.centrepompidou.fr/en/program/exhibitions,Cezanne et nous,2026-09-23,2027-01-17,[],[],upcoming,,https://www.centrepompidou.fr/en/program/exhibitions,html,2026-08-23T19:31:28.911883+00:00,2026-08-23T19:31:28.911883+00:00
centre-pompidou-vies-minuscules-2026,Centre Pompidou,Paris,France,"Place Georges-Pompidou, 75004 Paris",museum,global,https://www.centrepompidou.fr,https://www.centrepompidou.fr/en/program/exhibitions,Vies minuscules,2026-09-24,2027-01-31,[],[],upcoming,,https://www.centrepompidou.fr/en/program/exhibitions,html,2026-08-23T19:31:28.911883+00:00,2026-08-23T19:31:28.911883+00:00
centre-pompidou-prix-marcel-duchamp-2026-2026,Centre Pompidou,Paris,France,"Place Georges-Pompidou, 75004 Paris",museum,global,https://www.centrepompidou.fr,https://www.centrepompidou.fr/en/program/exhibitions,Prix Marcel Duchamp 2026,2026-10-02,2027-02-07,[],[],upcoming,,https://www.centrepompidou.fr/en/program/exhibitions,html,2026-08-23T19:31:28.911883+00:00,2026-08-23T19:31:28.911883+00:00
centre-pompidou-louise-bourgeois-extreme-tension-dessins-et-gravures-2026,Centre Pompidou,Paris,France,"Place Georges-Pompidou, 75004 Paris",museum,global,https://www.centrepompidou.fr,https://www.centrepompidou.fr/en/program/exhibitions,Louise Bourgeois. Extrême tension Dessins et gravures,2026-10-20,2027-02-21,[],[],upcoming,,https://www.centrepompidou.fr/en/program/exhibitions,html,2026-08-23T19:31:28.911883+00:00,2026-08-23T19:31:28.911883+00:00
palais-de-tokyo-utopia-utopia-2026,Palais de Tokyo,Paris,France,"13 Avenue du Président Wilson, 75116 Paris",kunsthalle,global,https://palaisdetokyo.com,https://palaisdetokyo.com/en/exhibitions/,UTOPIA UTOPIA,2026-07-04,2026-09-20,[],[],current,,https://palaisdetokyo.com/en/exhibitions/,html,2026-08-23T19:31:28.911883+00:00,2026-08-23T19:31:28.911883+00:00
palais-de-tokyo-photoromance-2026,Palais de Tokyo,Paris,France,"13 Avenue du Président Wilson, 75116 Paris",kunsthalle,global,https://palaisdetokyo.com,https://palaisdetokyo.com/en/exhibitions/,PHOTOROMANCE,2026-07-06,2027-10-04,[],[],current,,https://palaisdetokyo.com/en/exhibitions/,html,2026-08-23T19:31:28.911883+00:00,2026-08-23T19:31:28.911883+00:00
palais-de-tokyo-tokyo-waves-2026,Palais de Tokyo,Paris,France,"13 Avenue du Président Wilson, 75116 Paris",kunsthalle,global,https://palaisdetokyo.com,https://palaisdetokyo.com/en/exhibitions/,TOKYO WAVES,2026-07-12,2026-08-29,[],[],current,,https://palaisdetokyo.com/en/exhibitions/,html,2026-08-23T19:31:28.911883+00:00,2026-08-23T19:31:28.911883+00:00
arario-gallery-seoul-ryu-in-duality-2026,Arario Gallery Seoul,Seoul,South Korea,"85 Yulgok-ro, Jongno-gu, Seoul",gallery,national,https://www.arariogallery.com,https://www.arariogallery.com/,RYU In: Duality,2026-04-14,2027-04-11,[],[],current,,https://www.arariogallery.com/,html,2026-08-23T19:31:28.911883+00:00,2026-08-23T19:31:28.911883+00:00
arario-gallery-seoul-the-other-measure-2026,Arario Gallery Seoul,Seoul,South Korea,"85 Yulgok-ro, Jongno-gu, Seoul",gallery,national,https://www.arariogallery.com,https://www.arariogallery.com/,The Other Measure,2026-07-10,2026-09-05,[],[],current,,https://www.arariogallery.com/,html,2026-08-23T19:31:28.911883+00:00,2026-08-23T19:31:28.911883+00:00
arario-gallery-seoul-tions-fairs-press-news-catalogue-art-consulting-contact-en-k-2026,Arario Gallery Seoul,Seoul,South Korea,"85 Yulgok-ro, Jongno-gu, Seoul",gallery,national,https://www.arariogallery.com,https://www.arariogallery.com/,tions Fairs Press News Catalogue Art Consulting Contact EN KO 简体 Menu EN KO 简体 Home The Other Measure,2026-07-10,2026-09-05,[],[],current,,https://www.arariogallery.com/,html,2026-08-23T19:31:28.911883+00:00,2026-08-23T19:31:28.911883+00:00
arario-gallery-seoul-ery-shanghai-ryu-in-duality-14-apr-2026-11-apr-2027-arario-g-2026,Arario Gallery Seoul,Seoul,South Korea,"85 Yulgok-ro, Jongno-gu, Seoul",gallery,national,https://www.arariogallery.com,https://www.arariogallery.com/,ERY SHANGHAI RYU In: Duality 14 Apr 2026 - 11 Apr 2027 ARARIO GALLERY CHEONAN KIM Inbai: A Man Asleep,2026-09-01,2026-10-24,[],[],upcoming,,https://www.arariogallery.com/,html,2026-08-23T19:31:28.911883+00:00,2026-08-23T19:31:28.911883+00:00
arario-gallery-seoul-kim-inbai-a-man-asleep-2026,Arario Gallery Seoul,Seoul,South Korea,"85 Yulgok-ro, Jongno-gu, Seoul",gallery,national,https://www.arariogallery.com,https://www.arariogallery.com/,KIM Inbai: A Man Asleep,2026-09-01,2026-10-24,[],[],upcoming,,https://www.arariogallery.com/,html,2026-08-23T19:31:28.911883+00:00,2026-08-23T19:31:28.911883+00:00
mam-sao-paulo-july-26-27-set-26-current-look-mam-sao-paulo-visits-sesc-bom-2026,MAM – Museu de Arte Moderna de São Paulo,São Paulo,Brazil,"Parque Ibirapuera, Gate 3, São Paulo",museum,national,https://mam.org.br,https://mam.org.br/en/exhibitions/,July 26 - 27 set 26 current Look: MAM São Paulo visits SESC Bom Retiro external exposure,2026-07-01,2026-09-27,[],[],current,,https://mam.org.br/en/exhibitions/,html,2026-08-23T19:31:28.911883+00:00,2026-08-23T19:31:28.911883+00:00
mam-sao-paulo-january-27-39th-panorama-of-brazilian-art-after-it-s-all-sai-2026,MAM – Museu de Arte Moderna de São Paulo,São Paulo,Brazil,"Parque Ibirapuera, Gate 3, São Paulo",museum,national,https://mam.org.br,https://mam.org.br/en/exhibitions/,January 27 39th Panorama of Brazilian Art: After It's All Said,2026-09-12,2027-01-24,[],[],upcoming,,https://mam.org.br/en/exhibitions/,html,2026-08-23T19:31:28.911883+00:00,2026-08-23T19:31:28.911883+00:00
masp-3-7-26-2026,MASP – Museu de Arte de São Paulo,São Paulo,Brazil,"Avenida Paulista 1578, Bela Vista, São Paulo",museum,global,https://masp.org.br,https://masp.org.br/en/exhibitions,3.7.26,,2026-07-03,[],[],past,,https://masp.org.br/en/exhibitions,html,2026-08-23T19:31:28.911883+00:00,2026-08-23T19:31:28.911883+00:00
masp-picture-gallery-in-transformation-2015,MASP – Museu de Arte de São Paulo,São Paulo,Brazil,"Avenida Paulista 1578, Bela Vista, São Paulo",museum,global,https://masp.org.br,https://masp.org.br/en/exhibitions,Picture Gallery in Transformation,,2015-11-12,[],[],past,,https://masp.org.br/en/exhibitions,html,2026-08-23T19:31:28.911883+00:00,2026-08-23T19:31:28.911883+00:00
masp-since-12-11-2015-2015,MASP – Museu de Arte de São Paulo,São Paulo,Brazil,"Avenida Paulista 1578, Bela Vista, São Paulo",museum,global,https://masp.org.br,https://masp.org.br/en/exhibitions,SINCE 12.11.2015,,2015-11-12,[],[],past,,https://masp.org.br/en/exhibitions,html,2026-08-23T19:31:28.911883+00:00,2026-08-23T19:31:28.911883+00:00
masp-15-5-13-9-2026-2026,MASP – Museu de Arte de São Paulo,São Paulo,Brazil,"Avenida Paulista 1578, Bela Vista, São Paulo",museum,global,https://masp.org.br,https://masp.org.br/en/exhibitions,15.5 - 13.9.2026,2026-05-15,2026-09-13,[],[],current,,https://masp.org.br/en/exhibitions,html,2026-08-23T19:31:28.911883+00:00,2026-08-23T19:31:28.911883+00:00
masp-damian-ortega-matter-and-energy-2026,MASP – Museu de Arte de São Paulo,São Paulo,Brazil,"Avenida Paulista 1578, Bela Vista, São Paulo",museum,global,https://masp.org.br,https://masp.org.br/en/exhibitions,Damián Ortega: Matter and Energy,2026-05-15,2026-09-13,[],[],current,,https://masp.org.br/en/exhibitions,html,2026-08-23T19:31:28.911883+00:00,2026-08-23T19:31:28.911883+00:00
masp-sol-calero-casa-maria-lionza-2026,MASP – Museu de Arte de São Paulo,São Paulo,Brazil,"Avenida Paulista 1578, Bela Vista, São Paulo",museum,global,https://masp.org.br,https://masp.org.br/en/exhibitions,SOL CALERO : CASA MARÍA LIONZA,2026-05-15,2026-09-13,[],[],current,,https://masp.org.br/en/exhibitions,html,2026-08-23T19:31:28.911883+00:00,2026-08-23T19:31:28.911883+00:00
masp-3-7-4-10-2026-2026,MASP – Museu de Arte de São Paulo,São Paulo,Brazil,"Avenida Paulista 1578, Bela Vista, São Paulo",museum,global,https://masp.org.br,https://masp.org.br/en/exhibitions,3.7 - 4.10.2026,2026-07-03,2026-10-04,[],[],current,,https://masp.org.br/en/exhibitions,html,2026-08-23T19:31:28.911883+00:00,2026-08-23T19:31:28.911883+00:00
masp-carolina-caycedo-confluences-2026,MASP – Museu de Arte de São Paulo,São Paulo,Brazil,"Avenida Paulista 1578, Bela Vista, São Paulo",museum,global,https://masp.org.br,https://masp.org.br/en/exhibitions,Carolina Caycedo: Confluences,2026-07-03,2026-10-04,[],[],current,,https://masp.org.br/en/exhibitions,html,2026-08-23T19:31:28.911883+00:00,2026-08-23T19:31:28.911883+00:00
masp-4-9-26-31-1-27-2026,MASP – Museu de Arte de São Paulo,São Paulo,Brazil,"Avenida Paulista 1578, Bela Vista, São Paulo",museum,global,https://masp.org.br,https://masp.org.br/en/exhibitions,4.9.26 - 31.1.27,2026-09-04,2027-01-31,[],[],upcoming,,https://masp.org.br/en/exhibitions,html,2026-08-23T19:31:28.911883+00:00,2026-08-23T19:31:28.911883+00:00
masp-latin-american-histories-2026,MASP – Museu de Arte de São Paulo,São Paulo,Brazil,"Avenida Paulista 1578, Bela Vista, São Paulo",museum,global,https://masp.org.br,https://masp.org.br/en/exhibitions,Latin American Histories,2026-09-04,2027-01-31,[],[],upcoming,,https://masp.org.br/en/exhibitions,html,2026-08-23T19:31:28.911883+00:00,2026-08-23T19:31:28.911883+00:00
masp-30-10-26-31-1-27-2026,MASP – Museu de Arte de São Paulo,São Paulo,Brazil,"Avenida Paulista 1578, Bela Vista, São Paulo",museum,global,https://masp.org.br,https://masp.org.br/en/exhibitions,30.10.26 - 31.1.27,2026-10-30,2027-01-31,[],[],upcoming,,https://masp.org.br/en/exhibitions,html,2026-08-23T19:31:28.911883+00:00,2026-08-23T19:31:28.911883+00:00
masp-30-10-26-4-4-27-2026,MASP – Museu de Arte de São Paulo,São Paulo,Brazil,"Avenida Paulista 1578, Bela Vista, São Paulo",museum,global,https://masp.org.br,https://masp.org.br/en/exhibitions,30.10.26 - 4.4.27,2026-10-30,2027-04-04,[],[],upcoming,,https://masp.org.br/en/exhibitions,html,2026-08-23T19:31:28.911883+00:00,2026-08-23T19:31:28.911883+00:00
masp-pablo-delano-the-museum-of-the-old-colony-2026,MASP – Museu de Arte de São Paulo,São Paulo,Brazil,"Avenida Paulista 1578, Bela Vista, São Paulo",museum,global,https://masp.org.br,https://masp.org.br/en/exhibitions,Pablo Delano: The Museum of the Old Colony,2026-10-30,2027-01-31,[],[],upcoming,,https://masp.org.br/en/exhibitions,html,2026-08-23T19:31:28.911883+00:00,2026-08-23T19:31:28.911883+00:00
masp-rosa-elena-curruchich-chronicles-of-comalapa-2026,MASP – Museu de Arte de São Paulo,São Paulo,Brazil,"Avenida Paulista 1578, Bela Vista, São Paulo",museum,global,https://masp.org.br,https://masp.org.br/en/exhibitions,Rosa Elena Curruchich: Chronicles of Comalapa,2026-10-30,2027-04-04,[],[],upcoming,,https://masp.org.br/en/exhibitions,html,2026-08-23T19:31:28.911883+00:00,2026-08-23T19:31:28.911883+00:00
masp-jesus-soto-2026,MASP – Museu de Arte de São Paulo,São Paulo,Brazil,"Avenida Paulista 1578, Bela Vista, São Paulo",museum,global,https://masp.org.br,https://masp.org.br/en/exhibitions,Jesús Soto,2026-11-27,2027-04-04,[],[],upcoming,,https://masp.org.br/en/exhibitions,html,2026-08-23T19:31:28.911883+00:00,2026-08-23T19:31:28.911883+00:00
moca-taipei-museum-of-contemporary-art-taipei-2026,Museum of Contemporary Art Taipei,Taipei,Taiwan,"No. 39, Chang'an West Road, Datong District, Taipei",museum,national,https://www.mocataipei.org.tw,https://www.mocataipei.org.tw/en/ExhibitionAndEvent,"Museum of Contemporary Art, Taipei",2026-05-23,2026-08-30,[],[],current,,https://www.mocataipei.org.tw/en/ExhibitionAndEvent,html,2026-08-23T19:31:28.911883+00:00,2026-08-23T19:31:28.911883+00:00
tkg-plus-a-few-yards-2024,TKG+,Taipei,Taiwan,"B1, No. 15, Lane 548, Ruiguang Road, Neihu District, Taipei",gallery,national,https://www.tkgplus.com,https://www.tkgplus.com/exhibitions,A Few Yards,2024-05-08,2024-08-03,[],[],past,,https://www.tkgplus.com/exhibitions,html,2026-08-23T19:31:28.911883+00:00,2026-08-23T19:31:28.911883+00:00
tkg-plus-untitled-2024,TKG+,Taipei,Taiwan,"B1, No. 15, Lane 548, Ruiguang Road, Neihu District, Taipei",gallery,national,https://www.tkgplus.com,https://www.tkgplus.com/exhibitions,家庭理髮,2024-11-09,2025-01-18,[],[],past,,https://www.tkgplus.com/exhibitions,html,2026-08-23T19:31:28.911883+00:00,2026-08-23T19:31:28.911883+00:00
tkg-plus-untitled-2025,TKG+,Taipei,Taiwan,"B1, No. 15, Lane 548, Ruiguang Road, Neihu District, Taipei",gallery,national,https://www.tkgplus.com,https://www.tkgplus.com/exhibitions,光之絮語,2025-05-03,2025-08-09,[],[],past,,https://www.tkgplus.com/exhibitions,html,2026-08-23T19:31:28.911883+00:00,2026-08-23T19:31:28.911883+00:00
tkg-plus-drawing-fold-2025,TKG+,Taipei,Taiwan,"B1, No. 15, Lane 548, Ruiguang Road, Neihu District, Taipei",gallery,national,https://www.tkgplus.com,https://www.tkgplus.com/exhibitions,Drawing Fold,2025-10-30,2026-01-31,[],[],past,,https://www.tkgplus.com/exhibitions,html,2026-08-23T19:31:28.911883+00:00,2026-08-23T19:31:28.911883+00:00
tkg-plus-cycles-2026,TKG+,Taipei,Taiwan,"B1, No. 15, Lane 548, Ruiguang Road, Neihu District, Taipei",gallery,national,https://www.tkgplus.com,https://www.tkgplus.com/exhibitions,CYCLES,2026-05-23,2026-07-04,[],[],past,,https://www.tkgplus.com/exhibitions,html,2026-08-23T19:31:28.911883+00:00,2026-08-23T19:31:28.911883+00:00
tkg-plus-untitled-2026,TKG+,Taipei,Taiwan,"B1, No. 15, Lane 548, Ruiguang Road, Neihu District, Taipei",gallery,national,https://www.tkgplus.com,https://www.tkgplus.com/exhibitions,緩慢的電影配樂,2026-07-18,2026-08-29,[],[],current,,https://www.tkgplus.com/exhibitions,html,2026-08-23T19:31:28.911883+00:00,2026-08-23T19:31:28.911883+00:00
mori-art-museum-ron-mueck-2026,Mori Art Museum,Tokyo,Japan,"Roppongi Hills Mori Tower 53F, 6-10-1 Roppongi, Minato-ku, Tokyo",museum,global,https://www.mori.art.museum,https://www.mori.art.museum/en/exhibitions/,Ron Mueck,2026-04-29,2026-09-23,[],[],current,,https://www.mori.art.museum/en/exhibitions/,html,2026-08-23T19:31:28.911883+00:00,2026-08-23T19:31:28.911883+00:00
mori-art-museum-ent-upcoming-exhibitions-past-exhibitions-exhibition-tours-a-2026,Mori Art Museum,Tokyo,Japan,"Roppongi Hills Mori Tower 53F, 6-10-1 Roppongi, Minato-ku, Tokyo",museum,global,https://www.mori.art.museum,https://www.mori.art.museum/en/exhibitions/,ent / Upcoming Exhibitions Past Exhibitions Exhibition Tours and Others CURRENT EXHIBITIONS Ron Mueck,2026-04-29,2026-09-23,[],[],current,,https://www.mori.art.museum/en/exhibitions/,html,2026-08-23T19:31:28.911883+00:00,2026-08-23T19:31:28.911883+00:00
mori-art-museum-fate-grand-order-exhibition-stargazer-2026,Mori Art Museum,Tokyo,Japan,"Roppongi Hills Mori Tower 53F, 6-10-1 Roppongi, Minato-ku, Tokyo",museum,global,https://www.mori.art.museum,https://www.mori.art.museum/en/exhibitions/,Fate/Grand Order exhibition -stargazer-,2026-07-17,2026-09-14,[],[],current,,https://www.mori.art.museum/en/exhibitions/,html,2026-08-23T19:31:28.911883+00:00,2026-08-23T19:31:28.911883+00:00
mori-art-museum-sat-10-26-mon-mori-arts-center-gallery-fate-grand-order-exhi-2026,Mori Art Museum,Tokyo,Japan,"Roppongi Hills Mori Tower 53F, 6-10-1 Roppongi, Minato-ku, Tokyo",museum,global,https://www.mori.art.museum,https://www.mori.art.museum/en/exhibitions/,Sat] - 10.26 [Mon] Mori Arts Center Gallery Fate/Grand Order exhibition -stargazer-,2026-07-17,2026-09-14,[],[],current,,https://www.mori.art.museum/en/exhibitions/,html,2026-08-23T19:31:28.911883+00:00,2026-08-23T19:31:28.911883+00:00
mori-art-museum-tv-anime-the-apothecary-diaries-tokyo-city-view-2026,Mori Art Museum,Tokyo,Japan,"Roppongi Hills Mori Tower 53F, 6-10-1 Roppongi, Minato-ku, Tokyo",museum,global,https://www.mori.art.museum,https://www.mori.art.museum/en/exhibitions/,TV Anime “The Apothecary Diaries” × TOKYO CITY VIEW,2026-08-01,2026-10-26,[],[],current,,https://www.mori.art.museum/en/exhibitions/,html,2026-08-23T19:31:28.911883+00:00,2026-08-23T19:31:28.911883+00:00
mori-art-museum-mariko-mori-all-that-shines-2026,Mori Art Museum,Tokyo,Japan,"Roppongi Hills Mori Tower 53F, 6-10-1 Roppongi, Minato-ku, Tokyo",museum,global,https://www.mori.art.museum,https://www.mori.art.museum/en/exhibitions/,Mariko Mori: All That Shines,2026-10-31,2027-03-28,[],[],upcoming,,https://www.mori.art.museum/en/exhibitions/,html,2026-08-23T19:31:28.911883+00:00,2026-08-23T19:31:28.911883+00:00
taka-ishii-gallery-roppongi-opening-reception-saturday-sep-5-17-00-19-00-curren-2026,Taka Ishii Gallery,Tokyo,Japan,"complex665 3F, 6-5-24 Roppongi, Minato-ku, Tokyo",gallery,national,https://www.takaishiigallery.com,https://www.takaishiigallery.com/en/,"Roppongi Opening reception: Saturday, Sep 5, 17:00 – 19:00 CURRENT EXHIBITION Silke Otto-Knapp Dates:",2026-08-01,2026-09-19,"[""Roppongi Opening""]",[],current,,https://www.takaishiigallery.com/en/,html,2026-08-23T19:31:28.911883+00:00,2026-08-23T19:31:28.911883+00:00
taka-ishii-gallery-silke-otto-knapp-2026,Taka Ishii Gallery,Tokyo,Japan,"complex665 3F, 6-5-24 Roppongi, Minato-ku, Tokyo",gallery,national,https://www.takaishiigallery.com,https://www.takaishiigallery.com/en/,Silke Otto-Knapp,2026-08-01,2026-09-19,[],[],current,,https://www.takaishiigallery.com/en/,html,2026-08-23T19:31:28.911883+00:00,2026-08-23T19:31:28.911883+00:00
taka-ishii-gallery-exhibition-in-collaboration-with-the-maebashi-biennale-2026--2026,Taka Ishii Gallery,Tokyo,Japan,"complex665 3F, 6-5-24 Roppongi, Minato-ku, Tokyo",gallery,national,https://www.takaishiigallery.com,https://www.takaishiigallery.com/en/,"Exhibition in collaboration with the Maebashi Biennale 2026 “Small Architectures: Light, Void, and the City”",2026-09-19,2026-10-27,[],[],upcoming,,https://www.takaishiigallery.com/en/,html,2026-08-23T19:31:28.911883+00:00,2026-08-23T19:31:28.911883+00:00
taka-ishii-gallery-collaboration-with-the-maebashi-biennale-2026-small-architec-2026,Taka Ishii Gallery,Tokyo,Japan,"complex665 3F, 6-5-24 Roppongi, Minato-ku, Tokyo",gallery,national,https://www.takaishiigallery.com,https://www.takaishiigallery.com/en/,"collaboration with the Maebashi Biennale 2026 “Small Architectures: Light, Void, and the City” Dates:",2026-09-19,2026-10-27,[],[],upcoming,,https://www.takaishiigallery.com/en/,html,2026-08-23T19:31:28.911883+00:00,2026-08-23T19:31:28.911883+00:00
nact-tokyo-picasso-through-the-eyes-of-paul-smith-2026,"The National Art Center, Tokyo",Tokyo,Japan,"7-22-2 Roppongi, Minato-ku, Tokyo",museum,national,https://www.nact.jp,https://www.nact.jp/english/exhibition_special/,"Picasso, through the Eyes of Paul Smith",2026-06-10,2026-09-21,[],[],current,,https://www.nact.jp/english/exhibition_special/,html,2026-08-23T19:31:28.911883+00:00,2026-08-23T19:31:28.911883+00:00
nact-tokyo-masterpieces-of-the-renaissance-from-the-musee-du-louvre-2026,"The National Art Center, Tokyo",Tokyo,Japan,"7-22-2 Roppongi, Minato-ku, Tokyo",museum,national,https://www.nact.jp,https://www.nact.jp/english/exhibition_special/,Masterpieces of the Renaissance from the Musée du Louvre,2026-09-09,2026-12-13,[],[],upcoming,,https://www.nact.jp/english/exhibition_special/,html,2026-08-23T19:31:28.911883+00:00,2026-08-23T19:31:28.911883+00:00
nact-tokyo-shojo-manga-infinity-moto-hagio-ryoko-yamagishi-and-waki-yam-2026,"The National Art Center, Tokyo",Tokyo,Japan,"7-22-2 Roppongi, Minato-ku, Tokyo",museum,national,https://www.nact.jp,https://www.nact.jp/english/exhibition_special/,"Shojo Manga Infinity: Moto Hagio, Ryoko Yamagishi, and Waki Yamato",2026-10-28,2027-02-08,[],[],upcoming,,https://www.nact.jp/english/exhibition_special/,html,2026-08-23T19:31:28.911883+00:00,2026-08-23T19:31:28.911883+00:00
la-biennale-venezia-biennale-arte-2026-2026,La Biennale di Venezia,Venice,Italy,"Ca' Giustinian, San Marco 1364/A, 30124 Venice",biennale,global,https://www.labiennale.org,https://www.labiennale.org/en/art,Biennale Arte 2026,2026-05-09,2026-11-22,[],[],current,,https://www.labiennale.org/en/art,html,2026-08-23T19:31:28.911883+00:00,2026-08-23T19:31:28.911883+00:00
la-biennale-venezia-biennale-arte-2026-61st-international-art-exhibition-2026,La Biennale di Venezia,Venice,Italy,"Ca' Giustinian, San Marco 1364/A, 30124 Venice",biennale,global,https://www.labiennale.org,https://www.labiennale.org/en/art,Biennale Arte 2026 61st International Art Exhibition,2026-05-09,2026-11-22,[],[],current,,https://www.labiennale.org/en/art,html,2026-08-23T19:31:28.911883+00:00,2026-08-23T19:31:28.911883+00:00
peggy-guggenheim-fucina-degli-angeli-peggy-guggenheim-and-20th-century-artist-2026,Peggy Guggenheim Collection,Venice,Italy,"Dorsoduro 701, 30123 Venice",museum,global,https://www.guggenheim-venice.it,https://www.guggenheim-venice.it/en/art/exhibitions,Fucina degli Angeli: Peggy Guggenheim and 20th-Century Artistic Glass,2026-11-14,2027-03-29,[],[],upcoming,,https://www.guggenheim-venice.it/en/art/exhibitions,html,2026-08-23T19:31:28.911883+00:00,2026-08-23T19:31:28.911883+00:00
peggy-guggenheim-ctober-2026-exhibition-upcoming-fucina-degli-angeli-peggy-gu-2026,Peggy Guggenheim Collection,Venice,Italy,"Dorsoduro 701, 30123 Venice",museum,global,https://www.guggenheim-venice.it,https://www.guggenheim-venice.it/en/art/exhibitions,ctober 2026 Exhibition Upcoming Fucina degli Angeli: Peggy Guggenheim and 20th-Century Artistic Glass,2026-11-14,2027-03-29,[],[],upcoming,,https://www.guggenheim-venice.it/en/art/exhibitions,html,2026-08-23T19:31:28.911883+00:00,2026-08-23T19:31:28.911883+00:00
